,0,1,2,3,4,5
0.03335529014660757,1,0,0,0,0,0
0.06671058029321514,1,0,0,0,0,0
0.10006587043982271,1,0,0,0,0,0
0.13342116058643028,1,0,0,0,0,0
0.16677645073303785,1,0,0,0,0,0
0.20013174087964541,1,0,0,0,0,0
0.23348703102625298,1,0,0,0,0,0
0.26684232117286055,1,0,0,0,0,0
0.30019761131946815,1,0,0,0,0,0
0.3335529014660757,1,0,0,0,0,0
0.3669081916126833,1,0,0,0,0,0
0.40026348175929083,1,0,0,0,0,0
0.4336187719058984,1,0,0,0,0,0
0.46697406205250597,1,0,0,0,0,0
0.5003293521991136,1,0,0,0,0,0
0.5336846423457211,1,0,0,0,0,0
0.5670399324923286,1,0,0,0,0,0
0.6003952226389363,1,0,0,0,0,0
0.6337505127855438,1,0,0,0,0,0
0.6671058029321514,1,0,0,0,0,0
0.7004610930787589,1,0,0,0,0,0
0.7338163832253666,1,0,0,0,0,0
0.7671716733719741,1,0,0,0,0,0
0.8005269635185817,1,0,0,0,0,0
0.8338822536651892,1,0,0,0,0,0
0.8672375438117969,1,0,0,0,0,0
0.9005928339584044,1,0,0,0,0,0
0.9339481241050119,1,0,0,0,0,0
0.9673034142516195,1,0,0,0,0,0
1.0006587043982271,1,0,0,0,0,0
1.0340139945448346,1,0,0,0,0,0
1.0673692846914422,1,0,0,0,0,0
1.1007245748380499,1,0,0,0,0,0
1.1340798649846573,1,0,0,0,0,0
1.167435155131265,1,0,0,0,0,0
1.2007904452778726,1,0,0,0,0,0
1.23414573542448,1,0,0,0,0,0
1.2675010255710877,1,0,0,0,0,0
1.300856315717695,1,0,0,0,0,0
1.3342116058643028,1,0,0,0,0,0
1.3675668960109104,1,0,0,0,0,0
1.4009221861575178,1,0,0,0,0,0
1.4342774763041255,1,0,0,0,0,0
1.4676327664507332,1,0,0,0,0,0
1.5009880565973406,1,0,0,0,0,0
1.5343433467439482,1,0,0,0,0,0
1.5676986368905559,1,0,0,0,0,0
1.6010539270371633,1,0,0,0,0,0
1.634409217183771,1,0,0,0,0,0
1.6677645073303784,1,0,0,0,0,0
1.701119797476986,1,0,0,0,0,0
1.7344750876235937,1,0,0,0,0,0
1.7678303777702011,1,0,0,0,0,0
1.8011856679168088,1,0,0,0,0,0
1.8345409580634164,1,0,0,0,0,0
1.8678962482100239,1,0,0,0,0,0
1.9012515383566315,1,0,0,0,0,0
1.934606828503239,1,0,0,0,0,0
1.9679621186498466,1,0,0,0,0,0
2.0013174087964543,1,0,0,0,0,0
2.0346726989430617,1,0,0,0,0,0
2.068027989089669,1,0,0,0,0,0
2.101383279236277,1,0,0,0,0,0
2.1347385693828844,1,0,0,0,0,0
2.168093859529492,1,0,0,0,0,0
2.2014491496760997,1,0,0,0,0,0
2.234804439822707,1,0,0,0,0,0
2.2681597299693146,1,0,0,0,0,0
2.3015150201159225,1,0,0,0,0,0
2.33487031026253,1,0,0,0,0,0
2.3682256004091373,1,0,0,0,0,0
2.401580890555745,1,0,0,0,0,0
2.4349361807023526,1,0,0,0,0,0
2.46829147084896,1,0,0,0,0,0
2.501646760995568,1,0,0,0,0,0
2.5350020511421754,1,0,0,0,0,0
2.568357341288783,1,0,0,0,0,0
2.60171263143539,1,0,0,0,0,0
2.635067921581998,1,0,0,0,0,0
2.6684232117286055,1,0,0,0,0,0
2.701778501875213,1,0,0,0,0,0
2.735133792021821,1,0,0,0,0,0
2.7684890821684283,1,0,0,0,0,0
2.8018443723150357,1,0,0,0,0,0
2.8351996624616436,1,0,0,0,0,0
2.868554952608251,1,0,0,0,0,0
2.9019102427548584,1,0,0,0,0,0
2.9352655329014663,1,0,0,0,0,0
2.9686208230480737,1,0,0,0,0,0
3.001976113194681,1,0,0,0,0,0
3.035331403341289,1,0,0,0,0,0
3.0686866934878965,1,0,0,0,0,0
3.102041983634504,1,0,0,0,0,0
3.1353972737811118,1,0,0,0,0,0
3.168752563927719,1,0,0,0,0,0
3.2021078540743266,1,0,0,0,0,0
3.235463144220934,1,0,0,0,0,0
3.268818434367542,1,0,0,0,0,0
3.3021737245141494,1,0,0,0,0,0
3.335529014660757,1,0,0,0,0,0
3.3688843048073647,1,0,0,0,0,0
3.402239594953972,1,0,0,0,0,0
3.4355948851005795,1,0,0,0,0,0
3.4689501752471874,1,0,0,0,0,0
3.502305465393795,1,0,0,0,0,0
3.5356607555404023,1,0,0,0,0,0
3.56901604568701,1,0,0,0,0,0
3.6023713358336176,1,0,0,0,0,0
3.635726625980225,1,0,0,0,0,0
3.669081916126833,1,0,0,0,0,0
3.7024372062734403,1,0,0,0,0,0
3.7357924964200477,1,0,0,0,0,0
3.769147786566655,1,0,0,0,0,0
3.802503076713263,1,0,0,0,0,0
3.8358583668598705,1,0,0,0,0,0
3.869213657006478,1,0,0,0,0,0
3.9025689471530858,1,0,0,0,0,0
3.935924237299693,1,0,0,0,0,0
3.9692795274463006,1,0,0,0,0,0
4.0026348175929085,1,0,0,0,0,0
4.035990107739516,1,0,0,0,0,0
4.069345397886123,1,0,0,0,0,0
4.102700688032731,1,0,0,0,0,0
4.136055978179338,1,0,0,0,0,0
4.1694112683259466,1,0,0,0,0,0
4.202766558472554,1,0,0,0,0,0
4.236121848619161,1,0,0,0,0,0
4.269477138765769,1,0,0,0,0,0
4.302832428912376,1,0,0,0,0,0
4.336187719058984,1,0,0,0,0,0
4.369543009205592,1,0,0,0,0,0
4.4028982993521995,1,0,0,0,0,0
4.436253589498807,1,0,0,0,0,0
4.469608879645414,1,0,0,0,0,0
4.502964169792022,1,0,0,0,0,0
4.536319459938629,1,0,0,0,0,0
4.569674750085237,1,0,0,0,0,0
4.603030040231845,1,0,0,0,0,0
4.636385330378452,1,0,0,0,0,0
4.66974062052506,1,0,0,0,0,0
4.703095910671667,1,0,0,0,0,0
4.736451200818275,1,0,0,0,0,0
4.769806490964882,1,0,0,0,0,0
4.80316178111149,1,0,0,0,0,0
4.836517071258098,1,0,0,0,0,0
4.869872361404705,1,0,0,0,0,0
4.903227651551313,1,0,0,0,0,0
4.93658294169792,1,0,0,0,0,0
4.9699382318445275,1,0,0,0,0,0
5.003293521991136,1,0,0,0,0,0
5.036648812137743,1,0,0,0,0,0
5.070004102284351,1,0,0,0,0,0
5.103359392430958,1,0,0,0,0,0
5.136714682577566,1,0,0,0,0,0
5.170069972724173,1,0,0,0,0,0
5.20342526287078,1,0,0,0,0,0
5.236780553017389,1,0,0,0,0,0
5.270135843163996,1,0,0,0,0,0
5.303491133310604,1,0,0,0,0,0
5.336846423457211,1,0,0,0,0,0
5.3702017136038185,1,0,0,0,0,0
5.403557003750426,1,0,0,0,0,0
5.436912293897034,1,0,0,0,0,0
5.470267584043642,1,0,0,0,0,0
5.503622874190249,1,0,0,0,0,0
5.5369781643368565,1,0,0,0,0,0
5.570333454483464,1,0,0,0,0,0
5.603688744630071,1,0,0,0,0,0
5.63704403477668,1,0,0,0,0,0
5.670399324923287,1,0,0,0,0,0
5.703754615069895,1,0,0,0,0,0
5.737109905216502,1,0,0,0,0,0
5.770465195363109,1,0,0,0,0,0
5.803820485509717,1,0,0,0,0,0
5.837175775656324,1,0,0,0,0,0
5.870531065802933,1,0,0,0,0,0
5.90388635594954,1,0,0,0,0,0
5.9372416460961475,1,0,0,0,0,0
5.970596936242755,1,0,0,0,0,0
6.003952226389362,1,0,0,0,0,0
6.03730751653597,1,0,0,0,0,0
6.070662806682578,1,0,0,0,0,0
6.1040180968291855,1,0,0,0,0,0
6.137373386975793,1,0,0,0,0,0
6.1707286771224,1,0,0,0,0,0
6.204083967269008,1,0,0,0,0,0
6.237439257415615,1,0,0,0,0,0
6.2707945475622235,1,0,0,0,0,0
6.304149837708831,1,0,0,0,0,0
6.337505127855438,1,0,0,0,0,0
6.370860418002046,1,0,0,0,0,0
6.404215708148653,1,0,0,0,0,0
6.437570998295261,1,0,0,0,0,0
6.470926288441868,1,0,0,0,0,0
6.504281578588476,1,0,0,0,0,0
6.537636868735084,1,0,0,0,0,0
6.570992158881691,1,0,0,0,0,0
6.604347449028299,1,0,0,0,0,0
6.637702739174906,1,0,0,0,0,0
6.671058029321514,1,0,0,0,0,0
6.704413319468122,1,0,0,0,0,0
6.737768609614729,1,0,0,0,0,0
6.771123899761337,1,0,0,0,0,0
6.804479189907944,1,0,0,0,0,0
6.837834480054552,1,0,0,0,0,0
6.871189770201159,1,0,0,0,0,0
6.9045450603477665,1,0,0,0,0,0
6.937900350494375,1,0,0,0,0,0
6.971255640640982,1,0,0,0,0,0
7.00461093078759,1,0,0,0,0,0
7.037966220934197,1,0,0,0,0,0
7.0713215110808045,1,0,0,0,0,0
7.104676801227412,1,0,0,0,0,0
7.13803209137402,1,0,0,0,0,0
7.171387381520628,1,0,0,0,0,0
7.204742671667235,1,0,0,0,0,0
7.238097961813843,1,0,0,0,0,0
7.27145325196045,1,0,0,0,0,0
7.304808542107057,1,0,0,0,0,0
7.338163832253666,1,0,0,0,0,0
7.371519122400273,1,0,0,0,0,0
7.404874412546881,1,0,0,0,0,0
7.438229702693488,1,0,0,0,0,0
7.4715849928400955,1,0,0,0,0,0
7.504940282986703,1,0,0,0,0,0
7.53829557313331,1,0,0,0,0,0
7.571650863279919,1,0,0,0,0,0
7.605006153426526,1,0,0,0,0,0
7.6383614435731335,1,0,0,0,0,0
7.671716733719741,1,0,0,0,0,0
7.705072023866348,1,0,0,0,0,0
7.738427314012956,1,0,0,0,0,0
7.771782604159564,1,0,0,0,0,0
7.8051378943061716,1,0,0,0,0,0
7.838493184452779,1,0,0,0,0,0
7.871848474599386,1,0,0,0,0,0
7.905203764745994,1,0,0,0,0,0
7.938559054892601,1,0,0,0,0,0
7.97191434503921,1,0,0,0,0,0
8.005269635185817,1,0,0,0,0,0
8.038624925332424,1,0,0,0,0,0
8.071980215479032,1,0,0,0,0,0
8.10533550562564,1,0,0,0,0,0
8.138690795772247,1,0,0,0,0,0
8.172046085918854,1,0,0,0,0,0
8.205401376065462,1,0,0,0,0,0
8.238756666212069,1,0,0,0,0,0
8.272111956358676,1,0,0,0,0,0
8.305467246505286,1,0,0,0,0,0
8.338822536651893,1,0,0,0,0,0
8.3721778267985,1,0,0,0,0,0
8.405533116945108,1,0,0,0,0,0
8.438888407091715,1,0,0,0,0,0
8.472243697238323,1,0,0,0,0,0
8.50559898738493,1,0,0,0,0,0
8.538954277531538,1,0,0,0,0,0
8.572309567678145,1,0,0,0,0,0
8.605664857824753,1,0,0,0,0,0
8.63902014797136,1,0,0,0,0,0
8.672375438117967,1,0,0,0,0,0
8.705730728264575,1,0,0,0,0,0
8.739086018411184,1,0,0,0,0,0
8.772441308557791,1,0,0,0,0,0
8.805796598704399,1,0,0,0,0,0
8.839151888851006,1,0,0,0,0,0
8.872507178997614,1,0,0,0,0,0
8.905862469144221,1,0,0,0,0,0
8.939217759290829,1,0,0,0,0,0
8.972573049437436,1,0,0,0,0,0
9.005928339584043,1,0,0,0,0,0
9.039283629730651,1,0,0,0,0,0
9.072638919877258,1,0,0,0,0,0
9.105994210023866,1,0,0,0,0,0
9.139349500170473,1,0,0,0,0,0
9.172704790317082,1,0,0,0,0,0
9.20606008046369,1,0,0,0,0,0
9.239415370610297,1,0,0,0,0,0
9.272770660756905,1,0,0,0,0,0
9.306125950903512,1,0,0,0,0,0
9.33948124105012,1,0,0,0,0,0
9.372836531196727,1,0,0,0,0,0
9.406191821343334,1,0,0,0,0,0
9.439547111489942,1,0,0,0,0,0
9.47290240163655,1,0,0,0,0,0
9.506257691783157,1,0,0,0,0,0
9.539612981929764,1,0,0,0,0,0
9.572968272076373,1,0,0,0,0,0
9.60632356222298,1,0,0,0,0,0
9.639678852369588,1,0,0,0,0,0
9.673034142516196,1,0,0,0,0,0
9.706389432662803,1,0,0,0,0,0
9.73974472280941,1,0,0,0,0,0
9.773100012956018,1,0,0,0,0,0
9.806455303102625,1,0,0,0,0,0
9.839810593249233,1,0,0,0,0,0
9.87316588339584,1,0,0,0,0,0
9.906521173542448,1,0,0,0,0,0
9.939876463689055,1,0,0,0,0,0
9.973231753835663,1,0,0,0,0,0
10.006587043982272,1,0,0,0,0,0
10.03994233412888,1,0,0,0,0,0
10.073297624275487,1,0,0,0,0,0
10.106652914422094,1,0,0,0,0,0
10.140008204568701,1,0,0,0,0,0
10.173363494715309,1,0,0,0,0,0
10.206718784861916,1,0,0,0,0,0
10.240074075008524,1,0,0,0,0,0
10.273429365155131,1,0,0,0,0,0
10.306784655301739,1,0,0,0,0,0
10.340139945448346,1,0,0,0,0,0
10.373495235594953,1,0,0,0,0,0
10.40685052574156,1,0,0,0,0,0
10.44020581588817,1,0,0,0,0,0
10.473561106034778,1,0,0,0,0,0
10.506916396181385,1,0,0,0,0,0
10.540271686327992,1,0,0,0,0,0
10.5736269764746,1,0,0,0,0,0
10.606982266621207,1,0,0,0,0,0
10.640337556767815,1,0,0,0,0,0
10.673692846914422,1,0,0,0,0,0
10.70704813706103,1,0,0,0,0,0
10.740403427207637,1,0,0,0,0,0
10.773758717354244,1,0,0,0,0,0
10.807114007500852,1,0,0,0,0,0
10.84046929764746,1,0,0,0,0,0
10.873824587794068,1,0,0,0,0,0
10.907179877940676,1,0,0,0,0,0
10.940535168087283,1,0,0,0,0,0
10.97389045823389,1,0,0,0,0,0
11.007245748380498,1,0,0,0,0,0
11.040601038527106,1,0,0,0,0,0
11.073956328673713,1,0,0,0,0,0
11.10731161882032,1,0,0,0,0,0
11.140666908966928,1,0,0,0,0,0
11.174022199113535,1,0,0,0,0,0
11.207377489260143,1,0,0,0,0,0
11.24073277940675,1,0,0,0,0,0
11.27408806955336,1,0,0,0,0,0
11.307443359699967,1,0,0,0,0,0
11.340798649846574,1,0,0,0,0,0
11.374153939993182,1,0,0,0,0,0
11.40750923013979,1,0,0,0,0,0
11.440864520286397,1,0,0,0,0,0
11.474219810433004,1,0,0,0,0,0
11.507575100579611,1,0,0,0,0,0
11.540930390726219,1,0,0,0,0,0
11.574285680872826,1,0,0,0,0,0
11.607640971019434,1,0,0,0,0,0
11.640996261166041,1,0,0,0,0,0
11.674351551312649,1,0,0,0,0,0
11.707706841459258,1,0,0,0,0,0
11.741062131605865,1,0,0,0,0,0
11.774417421752473,1,0,0,0,0,0
11.80777271189908,1,0,0,0,0,0
11.841128002045687,1,0,0,0,0,0
11.874483292192295,1,0,0,0,0,0
11.907838582338902,1,0,0,0,0,0
11.94119387248551,1,0,0,0,0,0
11.974549162632117,1,0,0,0,0,0
12.007904452778725,1,0,0,0,0,0
12.041259742925332,1,0,0,0,0,0
12.07461503307194,1,0,0,0,0,0
12.107970323218547,1,0,0,0,0,0
12.141325613365156,1,0,0,0,0,0
12.174680903511764,1,0,0,0,0,0
12.208036193658371,1,0,0,0,0,0
12.241391483804978,1,0,0,0,0,0
12.274746773951586,1,0,0,0,0,0
12.308102064098193,1,0,0,0,0,0
12.3414573542448,1,0,0,0,0,0
12.374812644391408,1,0,0,0,0,0
12.408167934538016,1,0,0,0,0,0
12.441523224684623,1,0,0,0,0,0
12.47487851483123,1,0,0,0,0,0
12.508233804977838,1,0,0,0,0,0
12.541589095124447,1,0,0,0,0,0
12.574944385271055,1,0,0,0,0,0
12.608299675417662,1,0,0,0,0,0
12.64165496556427,1,0,0,0,0,0
12.675010255710877,1,0,0,0,0,0
12.708365545857484,1,0,0,0,0,0
12.741720836004092,1,0,0,0,0,0
12.775076126150699,1,0,0,0,0,0
12.808431416297307,1,0,0,0,0,0
12.841786706443914,1,0,0,0,0,0
12.875141996590521,1,0,0,0,0,0
12.908497286737129,1,0,0,0,0,0
12.941852576883736,1,0,0,0,0,0
12.975207867030345,1,0,0,0,0,0
13.008563157176953,1,0,0,0,0,0
13.04191844732356,1,0,0,0,0,0
13.075273737470168,1,0,0,0,0,0
13.108629027616775,1,0,0,0,0,0
13.141984317763383,1,0,0,0,0,0
13.17533960790999,1,0,0,0,0,0
13.208694898056597,1,0,0,0,0,0
13.242050188203205,1,0,0,0,0,0
13.275405478349812,1,0,0,0,0,0
13.30876076849642,1,0,0,0,0,0
13.342116058643027,1,0,0,0,0,0
13.375471348789635,1,0,0,0,0,0
13.408826638936244,1,0,0,0,0,0
13.442181929082851,1,0,0,0,0,0
13.475537219229459,1,0,0,0,0,0
13.508892509376066,1,0,0,0,0,0
13.542247799522674,1,0,0,0,0,0
13.575603089669281,1,0,0,0,0,0
13.608958379815888,1,0,0,0,0,0
13.642313669962496,1,0,0,0,0,0
13.675668960109103,1,0,0,0,0,0
13.70902425025571,1,0,0,0,0,0
13.742379540402318,1,0,0,0,0,0
13.775734830548926,1,0,0,0,0,0
13.809090120695533,1,0,0,0,0,0
13.842445410842142,1,0,0,0,0,0
13.87580070098875,1,0,0,0,0,0
13.909155991135357,1,0,1,0,0,0
13.942511281281964,1,0,1,0,0,0
13.975866571428572,1,0,1,0,0,0
14.00922186157518,1,0,1,0,0,0
14.042577151721787,1,0,1,0,0,0
14.075932441868394,1,0,1,0,0,0
14.109287732015002,1,0,1,0,0,0
14.142643022161609,1,0,1,0,0,0
14.175998312308216,1,0,1,0,0,0
14.209353602454824,1,0,1,0,0,0
14.242708892601433,1,0,1,0,0,0
14.27606418274804,1,0,1,0,0,0
14.309419472894648,1,0,1,0,0,0
14.342774763041255,1,0,1,0,0,0
14.376130053187863,1,0,1,0,0,0
14.40948534333447,1,0,1,0,0,0
14.442840633481078,1,0,1,0,0,0
14.476195923627685,1,0,1,0,0,0
14.509551213774293,1,0,1,0,0,0
14.5429065039209,1,0,1,0,0,0
14.576261794067507,1,0,1,0,0,0
14.609617084214115,1,0,1,0,0,0
14.642972374360722,1,0,1,0,0,0
14.676327664507332,1,0,1,0,0,0
14.709682954653939,1,0,1,0,0,0
14.743038244800546,1,0,1,0,0,0
14.776393534947154,1,0,1,0,0,0
14.809748825093761,1,0,1,0,0,0
14.843104115240369,1,0,1,0,0,0
14.876459405386976,1,0,1,0,0,0
14.909814695533584,1,0,1,0,0,0
14.943169985680191,1,0,1,0,0,0
14.976525275826798,1,0,1,0,0,0
15.009880565973406,1,0,1,0,0,0
15.043235856120013,1,0,1,0,0,0
15.07659114626662,1,0,1,0,0,0
15.10994643641323,1,0,1,0,0,0
15.143301726559837,1,0,1,0,0,0
15.176657016706445,1,0,1,0,0,0
15.210012306853052,1,0,1,0,0,0
15.24336759699966,1,0,1,0,0,0
15.276722887146267,1,0,1,0,0,0
15.310078177292874,1,0,1,0,0,0
15.343433467439482,1,0,1,0,0,0
15.37678875758609,1,0,1,0,0,0
15.410144047732697,1,0,1,0,0,0
15.443499337879304,1,0,1,0,0,0
15.476854628025912,1,0,1,0,0,0
15.510209918172519,1,0,1,0,0,0
15.543565208319128,1,0,1,0,0,0
15.576920498465736,1,0,1,0,0,0
15.610275788612343,1,0,1,0,0,0
15.64363107875895,1,0,1,0,0,0
15.676986368905558,1,0,1,0,0,0
15.710341659052165,1,0,1,0,0,0
15.743696949198773,1,0,1,0,0,0
15.77705223934538,1,0,1,0,0,0
15.810407529491988,1,0,1,0,0,0
15.843762819638595,1,0,1,0,0,0
15.877118109785203,1,0,1,0,0,0
15.91047339993181,1,0,1,0,0,0
15.94382869007842,1,0,1,0,0,0
15.977183980225027,1,0,1,0,0,0
16.010539270371634,1,0,1,0,0,0
16.04389456051824,1,0,1,0,0,0
16.07724985066485,1,0,1,0,0,0
16.110605140811455,1,0,1,0,0,0
16.143960430958064,1,0,1,0,0,0
16.177315721104673,1,0,1,0,0,0
16.21067101125128,1,0,1,0,0,0
16.244026301397888,1,0,1,0,0,0
16.277381591544493,1,0,1,0,0,0
16.310736881691103,1,0,1,0,0,0
16.34409217183771,1,0,1,0,0,0
16.377447461984318,1,0,1,0,0,0
16.410802752130923,1,0,1,0,0,0
16.444158042277532,1,0,1,0,0,0
16.477513332424138,1,0,1,0,0,0
16.510868622570747,1,0,1,0,0,0
16.544223912717353,1,0,1,0,0,0
16.577579202863962,1,0,1,0,0,0
16.61093449301057,1,0,1,0,0,0
16.644289783157177,1,0,1,0,0,0
16.677645073303786,1,0,1,0,0,0
16.711000363450392,1,0,1,0,0,0
16.744355653597,1,0,1,0,0,0
16.777710943743607,1,0,1,0,0,0
16.811066233890216,1,0,1,0,0,0
16.84442152403682,1,0,1,0,0,0
16.87777681418343,1,0,1,0,0,0
16.911132104330036,1,0,1,0,0,0
16.944487394476646,1,0,1,0,0,0
16.97784268462325,1,0,1,0,0,0
17.01119797476986,1,0,1,0,0,0
17.04455326491647,1,0,1,0,0,0
17.077908555063075,1,0,1,0,0,0
17.111263845209685,1,0,1,0,0,0
17.14461913535629,1,0,1,0,0,0
17.1779744255029,1,0,1,0,0,0
17.211329715649505,1,0,1,0,0,0
17.244685005796114,1,0,1,0,0,0
17.27804029594272,1,0,1,0,0,0
17.31139558608933,1,0,1,0,0,0
17.344750876235935,1,0,1,0,0,0
17.378106166382544,1,0,1,0,0,0
17.41146145652915,1,0,1,0,0,0
17.44481674667576,1,0,1,0,0,0
17.478172036822368,1,0,1,0,0,0
17.511527326968974,1,0,1,0,0,0
17.544882617115583,1,0,1,0,0,0
17.57823790726219,1,0,1,0,0,0
17.611593197408798,1,0,1,0,0,0
17.644948487555403,1,0,1,0,0,0
17.678303777702013,1,0,1,0,0,0
17.71165906784862,1,0,1,0,0,0
17.745014357995228,1,0,1,0,0,0
17.778369648141833,1,0,1,0,0,0
17.811724938288442,1,0,1,0,0,0
17.845080228435048,1,0,1,0,0,0
17.878435518581657,1,0,1,0,0,0
17.911790808728266,1,0,1,0,0,0
17.945146098874872,1,0,1,0,0,0
17.97850138902148,1,0,1,0,0,0
18.011856679168087,1,0,1,0,0,0
18.045211969314696,1,0,1,0,0,0
18.078567259461302,1,0,1,0,0,0
18.11192254960791,1,0,1,0,0,0
18.145277839754517,1,0,1,0,0,0
18.178633129901126,1,0,1,0,0,0
18.21198842004773,1,0,1,0,0,0
18.24534371019434,1,0,1,0,0,0
18.278699000340946,1,0,1,0,0,0
18.312054290487556,1,0,1,0,0,0
18.345409580634165,1,0,1,0,0,0
18.37876487078077,1,0,1,0,0,0
18.41212016092738,1,0,1,0,0,0
18.445475451073985,1,0,1,0,0,0
18.478830741220595,1,0,1,0,0,0
18.5121860313672,1,0,1,0,0,0
18.54554132151381,1,0,1,0,0,0
18.578896611660415,1,0,1,0,0,0
18.612251901807024,1,0,1,0,0,0
18.64560719195363,1,0,1,0,0,0
18.67896248210024,1,0,1,0,0,0
18.71231777224685,1,0,1,0,0,0
18.745673062393454,1,0,1,0,0,0
18.779028352540063,1,0,1,0,0,0
18.81238364268667,1,0,1,0,0,0
18.845738932833278,1,0,1,0,0,0
18.879094222979884,1,0,1,0,0,0
18.912449513126493,1,0,1,0,0,0
18.9458048032731,1,0,1,0,0,0
18.979160093419708,1,0,1,0,0,0
19.012515383566313,1,0,1,0,0,0
19.045870673712923,1,0,1,0,0,0
19.07922596385953,1,0,1,0,0,0
19.112581254006137,1,0,1,0,0,0
19.145936544152747,1,0,1,0,0,0
19.179291834299352,1,0,1,0,0,0
19.21264712444596,1,0,1,0,0,0
19.246002414592567,1,0,1,0,0,0
19.279357704739176,1,0,1,0,0,0
19.312712994885782,1,0,1,0,0,0
19.34606828503239,1,0,1,0,0,0
19.379423575178997,1,0,1,0,0,0
19.412778865325606,1,0,1,0,0,0
19.446134155472212,1,0,1,0,0,0
19.47948944561882,1,0,1,0,0,0
19.512844735765427,1,0,1,0,0,0
19.546200025912036,1,0,1,0,0,0
19.579555316058645,1,0,1,0,0,0
19.61291060620525,1,0,1,0,0,0
19.64626589635186,1,0,1,0,0,0
19.679621186498466,1,0,1,0,0,0
19.712976476645075,1,0,1,0,0,0
19.74633176679168,1,0,1,0,0,0
19.77968705693829,1,0,1,0,0,0
19.813042347084895,1,0,1,0,0,0
19.846397637231505,1,0,1,0,0,0
19.87975292737811,1,0,1,0,0,0
19.91310821752472,1,0,1,0,0,0
19.946463507671325,1,0,1,0,0,0
19.979818797817934,1,0,1,0,0,0
20.013174087964543,1,0,1,0,0,0
20.04652937811115,1,0,1,0,0,0
20.07988466825776,1,0,1,0,0,0
20.113239958404364,1,0,1,0,0,0
20.146595248550973,1,0,1,0,0,0
20.17995053869758,1,0,1,0,0,0
20.213305828844188,1,0,1,0,0,0
20.246661118990794,1,0,1,0,0,0
20.280016409137403,1,0,1,0,0,0
20.31337169928401,1,0,1,0,0,0
20.346726989430618,1,0,1,0,0,0
20.380082279577223,1,0,1,0,0,0
20.413437569723833,1,0,1,0,0,0
20.446792859870442,1,0,1,0,0,0
20.480148150017047,1,0,1,0,0,0
20.513503440163657,1,0,1,0,0,0
20.546858730310262,1,0,1,0,0,0
20.58021402045687,1,0,1,0,0,0
20.613569310603477,1,0,1,0,0,0
20.646924600750086,1,0,1,0,0,0
20.680279890896692,1,0,1,0,0,0
20.7136351810433,1,0,1,0,0,0
20.746990471189907,1,0,1,0,0,0
20.780345761336516,1,0,1,0,0,0
20.81370105148312,1,0,1,0,0,0
20.84705634162973,1,0,1,0,0,0
20.88041163177634,1,0,1,0,0,0
20.913766921922946,1,0,1,0,0,0
20.947122212069555,1,0,1,0,0,0
20.98047750221616,1,0,1,0,0,0
21.01383279236277,1,0,1,0,0,0
21.047188082509376,1,0,1,0,0,0
21.080543372655985,1,0,1,0,0,0
21.11389866280259,1,0,1,0,0,0
21.1472539529492,1,0,1,0,0,0
21.180609243095805,1,0,1,0,0,0
21.213964533242414,1,0,1,0,0,0
21.24731982338902,1,0,1,0,0,0
21.28067511353563,1,0,1,0,0,0
21.31403040368224,1,0,1,0,0,0
21.347385693828844,1,0,1,0,0,0
21.380740983975453,1,0,1,0,0,0
21.41409627412206,1,0,1,0,0,0
21.44745156426867,1,0,1,0,0,0
21.480806854415274,1,0,1,0,0,0
21.514162144561883,1,0,1,0,0,0
21.54751743470849,1,0,1,0,0,0
21.580872724855098,1,0,1,0,0,0
21.614228015001704,1,0,1,0,0,0
21.647583305148313,1,0,1,0,0,0
21.68093859529492,1,0,1,0,0,0
21.714293885441528,1,0,1,0,0,0
21.747649175588137,1,0,1,0,0,0
21.781004465734743,1,0,1,0,0,0
21.814359755881352,1,0,1,0,0,0
21.847715046027957,1,0,1,0,0,0
21.881070336174567,1,0,1,0,0,0
21.914425626321172,1,0,1,0,0,0
21.94778091646778,1,0,1,0,0,0
21.981136206614387,1,0,1,0,0,0
22.014491496760996,1,0,1,0,0,0
22.047846786907602,1,0,1,0,0,0
22.08120207705421,1,0,1,0,0,0
22.11455736720082,1,0,1,0,0,0
22.147912657347426,1,0,1,0,0,0
22.181267947494035,1,0,1,0,0,0
22.21462323764064,1,0,1,0,0,0
22.24797852778725,1,0,1,0,0,0
22.281333817933856,1,0,1,0,0,0
22.314689108080465,1,0,1,0,0,0
22.34804439822707,1,0,1,0,0,0
22.38139968837368,1,0,1,0,0,0
22.414754978520286,1,0,1,0,0,0
22.448110268666895,1,0,1,0,0,0
22.4814655588135,1,0,1,0,0,0
22.51482084896011,1,0,1,0,0,0
22.54817613910672,1,0,1,0,0,0
22.581531429253324,1,0,1,0,0,0
22.614886719399934,1,0,1,0,0,0
22.64824200954654,1,0,1,0,0,0
22.68159729969315,1,0,1,0,0,0
22.714952589839754,1,0,1,0,0,0
22.748307879986363,1,0,1,0,0,0
22.78166317013297,1,0,1,0,0,0
22.81501846027958,1,0,1,0,0,0
22.848373750426184,1,0,1,0,0,0
22.881729040572793,1,0,1,0,0,0
22.9150843307194,1,0,1,0,0,0
22.948439620866008,1,0,1,0,0,0
22.981794911012617,1,0,1,0,0,0
23.015150201159223,1,0,1,0,0,0
23.048505491305832,1,0,1,0,0,0
23.081860781452438,1,0,1,0,0,0
23.115216071599047,1,0,1,0,0,0
23.148571361745653,1,0,1,0,0,0
23.18192665189226,1,0,1,0,0,0
23.215281942038867,1,0,1,0,0,0
23.248637232185477,1,0,1,0,0,0
23.281992522332082,1,0,1,0,0,0
23.31534781247869,1,0,1,0,0,0
23.348703102625297,1,0,1,0,0,0
23.382058392771906,1,0,1,0,0,0
23.415413682918516,1,0,1,0,0,0
23.44876897306512,1,0,1,0,0,0
23.48212426321173,1,0,1,0,0,0
23.515479553358336,1,0,1,0,0,0
23.548834843504945,1,0,1,0,0,0
23.58219013365155,1,0,1,0,0,0
23.61554542379816,1,0,1,0,0,0
23.648900713944766,1,0,1,0,0,0
23.682256004091375,1,0,1,0,0,0
23.71561129423798,1,0,1,0,0,0
23.74896658438459,1,0,1,0,0,0
23.782321874531196,1,0,1,0,0,0
23.815677164677805,1,0,1,0,0,0
23.849032454824414,1,0,1,0,0,0
23.88238774497102,1,0,1,0,0,0
23.91574303511763,1,0,1,0,0,0
23.949098325264234,1,0,1,0,0,0
23.982453615410844,1,0,1,0,0,0
24.01580890555745,1,0,1,0,0,0
24.04916419570406,1,0,1,0,0,0
24.082519485850664,1,0,1,0,0,0
24.115874775997273,1,0,1,0,0,0
24.14923006614388,1,0,1,0,0,0
24.182585356290488,1,0,1,0,0,0
24.215940646437094,1,0,1,0,0,0
24.249295936583703,1,0,1,0,0,0
24.282651226730312,1,0,1,0,0,0
24.316006516876918,1,0,1,0,0,0
24.349361807023527,1,0,1,0,0,0
24.382717097170133,1,0,1,0,0,0
24.416072387316742,1,0,1,0,0,0
24.449427677463348,1,0,1,0,0,0
24.482782967609957,1,0,1,0,0,0
24.516138257756563,1,0,1,0,0,0
24.54949354790317,1,0,1,0,0,0
24.582848838049777,1,0,1,0,0,0
24.616204128196387,1,0,1,0,0,0
24.649559418342992,1,0,1,0,0,0
24.6829147084896,1,0,1,0,0,0
24.71626999863621,1,0,1,0,0,0
24.749625288782816,1,0,1,0,0,0
24.782980578929426,1,0,1,0,0,0
24.81633586907603,1,0,1,0,0,0
24.84969115922264,1,0,1,0,0,0
24.883046449369246,1,0,1,0,0,0
24.916401739515855,1,0,1,0,0,0
24.94975702966246,1,0,1,0,0,0
24.98311231980907,1,0,1,0,0,0
25.016467609955676,1,0,1,0,0,0
25.049822900102285,1,0,1,0,0,0
25.083178190248894,1,0,1,0,0,0
25.1165334803955,1,0,1,0,0,0
25.14988877054211,1,0,1,0,0,0
25.183244060688715,1,0,1,0,0,0
25.216599350835324,1,0,1,0,0,0
25.24995464098193,1,0,1,0,0,0
25.28330993112854,1,0,1,0,0,0
25.316665221275144,1,0,1,0,0,0
25.350020511421754,1,0,1,0,0,0
25.38337580156836,1,0,1,0,0,0
25.41673109171497,1,0,1,0,0,0
25.450086381861574,1,0,1,0,0,0
25.483441672008183,1,0,1,0,0,0
25.516796962154793,1,0,1,0,0,0
25.550152252301398,1,0,1,0,0,0
25.583507542448007,1,0,1,0,0,0
25.616862832594613,1,0,1,0,0,0
25.650218122741222,1,0,1,0,0,0
25.683573412887828,1,0,1,0,0,0
25.716928703034437,1,0,1,0,0,0
25.750283993181043,1,0,1,0,0,0
25.783639283327652,1,0,1,0,0,0
25.816994573474258,1,0,1,0,0,0
25.850349863620867,1,0,1,0,0,0
25.883705153767472,1,0,1,0,0,0
25.91706044391408,1,0,1,0,0,0
25.95041573406069,1,0,1,0,0,0
25.983771024207297,1,0,1,0,0,0
26.017126314353906,1,0,1,0,0,0
26.05048160450051,1,0,1,0,0,0
26.08383689464712,1,0,1,0,0,0
26.117192184793726,1,0,1,0,0,0
26.150547474940335,1,0,1,0,0,0
26.18390276508694,1,0,1,0,0,0
26.21725805523355,1,0,1,0,0,0
26.250613345380156,1,0,1,0,0,0
26.283968635526765,1,0,1,0,0,0
26.31732392567337,1,0,1,0,0,0
26.35067921581998,1,0,1,0,0,0
26.38403450596659,1,0,1,0,0,0
26.417389796113195,1,0,1,0,0,0
26.450745086259804,1,0,1,0,0,0
26.48410037640641,1,0,1,0,0,0
26.51745566655302,1,0,1,0,0,0
26.550810956699625,1,0,1,0,0,0
26.584166246846234,1,0,1,0,0,0
26.61752153699284,1,0,1,0,0,0
26.65087682713945,1,0,1,0,0,0
26.684232117286054,1,0,1,0,0,0
26.717587407432664,1,0,1,0,0,0
26.75094269757927,1,0,1,0,0,0
26.78429798772588,1,0,1,0,0,0
26.817653277872488,1,0,1,0,0,0
26.851008568019093,1,0,1,0,0,0
26.884363858165703,1,0,1,0,0,0
26.917719148312308,1,0,1,0,0,0
26.951074438458917,1,0,1,0,0,0
26.984429728605523,1,0,1,0,0,0
27.017785018752132,1,0,1,0,0,0
27.051140308898738,1,0,1,0,0,0
27.084495599045347,1,0,1,0,0,0
27.117850889191953,1,0,1,0,0,0
27.151206179338562,1,0,1,0,0,0
27.184561469485168,1,0,1,0,0,0
27.217916759631777,1,0,1,0,0,0
27.251272049778386,1,0,1,0,0,0
27.28462733992499,1,0,1,0,0,0
27.3179826300716,1,0,1,0,0,0
27.351337920218207,1,0,1,0,0,0
27.384693210364816,1,0,1,0,0,0
27.41804850051142,1,0,1,0,0,0
27.45140379065803,1,0,1,0,0,0
27.484759080804636,1,0,1,0,0,0
27.518114370951245,1,0,1,0,0,0
27.55146966109785,1,0,1,0,0,0
27.58482495124446,1,0,1,0,0,0
27.618180241391066,1,0,1,0,0,0
27.651535531537675,1,0,1,0,0,0
27.684890821684284,1,0,1,0,0,0
27.71824611183089,1,0,1,0,0,0
27.7516014019775,1,0,1,0,0,0
27.784956692124105,1,0,1,0,0,0
27.818311982270714,1,0,1,0,0,0
27.85166727241732,1,0,1,0,0,0
27.88502256256393,1,0,1,0,0,0
27.918377852710535,1,0,1,0,0,0
27.951733142857144,1,0,1,0,0,0
27.98508843300375,1,0,1,0,0,0
28.01844372315036,1,0,1,0,0,0
28.051799013296964,1,0,1,0,0,0
28.085154303443574,1,0,1,0,0,0
28.118509593590183,1,0,1,0,0,0
28.15186488373679,1,0,1,0,0,0
28.185220173883398,1,0,1,0,0,0
28.218575464030003,1,0,1,0,0,0
28.251930754176612,1,0,1,0,0,0
28.285286044323218,1,0,1,0,0,0
28.318641334469827,1,0,1,0,0,0
28.351996624616433,1,0,1,0,0,0
28.385351914763042,1,0,1,0,0,0
28.418707204909648,1,0,1,0,0,0
28.452062495056257,1,0,1,0,0,0
28.485417785202866,1,0,1,0,0,0
28.518773075349472,1,0,1,0,0,0
28.55212836549608,1,0,1,0,0,0
28.585483655642687,1,0,1,0,0,0
28.618838945789296,1,0,1,0,0,0
28.6521942359359,1,0,1,0,0,0
28.68554952608251,1,0,1,0,0,0
28.718904816229117,1,0,1,0,0,0
28.752260106375726,1,0,1,0,0,0
28.78561539652233,1,0,1,0,0,0
28.81897068666894,1,0,1,0,0,0
28.852325976815546,1,0,1,0,0,0
28.885681266962155,1,0,1,0,0,0
28.919036557108765,1,0,1,0,0,0
28.95239184725537,1,0,1,0,0,0
28.98574713740198,1,0,1,0,0,0
29.019102427548585,1,0,1,0,0,0
29.052457717695194,1,0,1,0,0,0
29.0858130078418,1,0,1,0,0,0
29.11916829798841,1,0,1,0,0,0
29.152523588135015,1,0,1,0,0,0
29.185878878281624,1,0,1,0,0,0
29.21923416842823,1,0,1,0,0,0
29.25258945857484,1,0,1,0,0,0
29.285944748721445,1,0,1,0,0,0
29.319300038868054,1,0,1,0,0,0
29.352655329014663,1,0,1,0,0,0
29.38601061916127,1,0,1,0,0,0
29.419365909307878,1,0,1,0,0,0
29.452721199454484,1,0,1,0,0,0
29.486076489601093,1,0,1,0,0,0
29.5194317797477,1,0,1,0,0,0
29.552787069894308,1,0,1,0,0,0
29.586142360040913,1,0,1,0,0,0
29.619497650187522,1,0,1,0,0,0
29.652852940334128,1,0,1,0,0,0
29.686208230480737,1,0,1,0,0,0
29.719563520627343,1,0,1,0,0,0
29.752918810773952,1,0,1,0,0,0
29.78627410092056,1,0,1,0,0,0
29.819629391067167,1,0,1,0,0,0
29.852984681213776,1,0,1,0,0,0
29.886339971360382,1,0,1,0,0,0
29.91969526150699,1,0,1,0,0,0
29.953050551653597,1,0,1,0,0,0
29.986405841800206,1,0,1,0,0,0
30.01976113194681,1,0,1,0,0,0
30.05311642209342,1,0,1,0,0,0
30.086471712240026,1,0,1,0,0,0
30.119827002386636,1,0,1,0,0,0
30.15318229253324,1,0,1,0,0,0
30.18653758267985,1,0,1,0,0,0
30.21989287282646,1,0,1,0,0,0
30.253248162973065,1,0,1,0,0,0
30.286603453119675,1,0,1,0,0,0
30.31995874326628,1,0,1,0,0,0
30.35331403341289,1,0,1,0,0,0
30.386669323559495,1,0,1,0,0,0
30.420024613706104,1,0,1,0,0,0
30.45337990385271,1,0,1,0,0,0
30.48673519399932,1,0,1,0,0,0
30.520090484145925,1,0,1,0,0,0
30.553445774292534,1,0,1,0,0,0
30.58680106443914,1,0,1,0,0,0
30.62015635458575,1,0,1,0,0,0
30.653511644732358,1,0,1,0,0,0
30.686866934878964,1,0,1,0,0,0
30.720222225025573,1,0,1,0,0,0
30.75357751517218,1,0,1,0,0,0
30.786932805318788,1,0,1,0,0,0
30.820288095465393,1,0,1,0,0,0
30.853643385612003,1,0,1,0,0,0
30.88699867575861,1,0,1,0,0,0
30.920353965905218,1,0,1,0,0,0
30.953709256051823,1,0,1,0,0,0
30.987064546198432,1,0,1,0,0,0
31.020419836345038,1,0,1,0,0,0
31.053775126491647,1,0,1,0,0,0
31.087130416638256,1,0,1,0,0,0
31.120485706784862,1,0,1,0,0,0
31.15384099693147,1,0,1,0,0,0
31.187196287078077,1,0,1,0,0,0
31.220551577224686,1,0,1,0,0,0
31.253906867371292,1,0,1,0,0,0
31.2872621575179,1,0,1,0,0,0
31.320617447664507,1,0,1,0,0,0
31.353972737811116,1,0,1,0,0,0
31.38732802795772,1,0,1,0,0,0
31.42068331810433,1,0,1,0,0,0
31.454038608250936,1,0,1,0,0,0
31.487393898397546,1,0,1,0,0,0
31.520749188544155,1,0,1,0,0,0
31.55410447869076,1,0,1,0,0,0
31.58745976883737,1,0,1,0,0,0
31.620815058983975,1,0,1,0,0,0
31.654170349130585,1,0,1,0,0,0
31.68752563927719,1,0,1,0,0,0
31.7208809294238,1,0,1,0,0,0
31.754236219570405,1,0,1,0,0,0
31.787591509717014,1,0,1,0,0,0
31.82094679986362,1,0,1,0,0,0
31.85430209001023,1,0,1,0,0,0
31.88765738015684,1,0,1,0,0,0
31.921012670303444,1,0,1,0,0,0
31.954367960450053,1,0,1,0,0,0
31.98772325059666,1,0,1,0,0,0
32.02107854074327,1,0,1,0,0,0
32.05443383088988,1,0,1,0,0,0
32.08778912103648,1,0,1,0,0,0
32.12114441118309,1,0,1,0,0,0
32.1544997013297,1,0,1,0,0,0
32.18785499147631,1,0,1,0,0,0
32.22121028162291,1,0,1,0,0,0
32.25456557176952,1,0,1,0,0,0
32.28792086191613,1,0,1,0,0,0
32.32127615206274,1,0,1,0,0,0
32.354631442209346,1,0,1,0,0,0
32.38798673235595,1,0,1,0,0,0
32.42134202250256,1,0,1,0,0,0
32.45469731264917,1,0,1,0,0,0
32.488052602795776,1,0,1,0,0,0
32.52140789294238,1,0,1,0,0,0
32.55476318308899,1,0,1,0,0,0
32.588118473235596,1,0,1,0,0,0
32.621473763382205,1,0,1,0,0,0
32.65482905352881,1,0,1,0,0,0
32.68818434367542,1,0,1,0,0,0
32.721539633822026,1,0,1,0,0,0
32.754894923968635,1,0,1,0,0,0
32.788250214115244,1,0,1,0,0,0
32.821605504261846,1,0,1,0,0,0
32.854960794408456,1,0,1,0,0,0
32.888316084555065,1,0,1,0,0,0
32.921671374701674,1,0,1,0,0,0
32.955026664848276,1,0,1,0,0,0
32.988381954994885,1,0,1,0,0,0
33.021737245141495,1,0,1,0,0,0
33.055092535288104,1,0,1,0,0,0
33.088447825434706,1,0,1,0,0,0
33.121803115581315,1,0,1,0,0,0
33.155158405727924,1,0,1,0,0,0
33.18851369587453,1,0,1,0,0,0
33.22186898602114,1,0,1,0,0,0
33.255224276167745,1,0,1,0,0,0
33.288579566314354,1,0,1,0,0,0
33.32193485646096,1,0,1,0,0,0
33.35529014660757,1,0,1,0,0,0
33.388645436754175,1,0,1,0,0,0
33.422000726900784,1,0,1,0,0,0
33.45535601704739,1,0,1,0,0,0
33.488711307194,1,0,1,0,0,0
33.522066597340604,1,0,1,0,0,0
33.55542188748721,1,0,1,0,0,0
33.58877717763382,1,0,1,0,0,0
33.62213246778043,1,0,1,0,0,0
33.65548775792704,1,0,1,0,0,0
33.68884304807364,1,0,1,0,0,0
33.72219833822025,1,0,1,0,0,0
33.75555362836686,1,0,1,0,0,0
33.78890891851347,1,0,1,0,0,0
33.82226420866007,1,0,1,0,0,0
33.85561949880668,1,0,1,0,0,0
33.88897478895329,1,0,1,0,0,0
33.9223300790999,1,0,1,0,0,0
33.9556853692465,1,0,1,0,0,0
33.98904065939311,1,0,1,0,0,0
34.02239594953972,1,0,1,0,0,0
34.05575123968633,1,0,1,0,0,0
34.08910652983294,1,0,1,0,0,0
34.12246181997954,1,0,1,0,0,0
34.15581711012615,1,0,1,0,0,0
34.18917240027276,1,0,1,0,0,0
34.22252769041937,1,0,1,0,0,0
34.25588298056597,1,0,1,0,0,0
34.28923827071258,1,0,1,0,0,0
34.32259356085919,1,0,1,0,0,0
34.3559488510058,1,0,1,0,0,0
34.3893041411524,1,0,1,0,0,0
34.42265943129901,1,0,1,0,0,0
34.45601472144562,1,0,1,0,0,0
34.48937001159223,1,0,1,0,0,0
34.52272530173884,1,0,1,0,0,0
34.55608059188544,1,0,1,0,0,0
34.58943588203205,1,0,1,0,0,0
34.62279117217866,1,0,1,0,0,0
34.65614646232527,1,0,1,0,0,0
34.68950175247187,1,0,1,0,0,0
34.72285704261848,1,0,1,0,0,0
34.75621233276509,1,0,1,0,0,0
34.7895676229117,1,0,1,0,0,0
34.8229229130583,1,0,1,0,0,0
34.85627820320491,1,0,1,0,0,0
34.88963349335152,1,0,1,0,0,0
34.92298878349813,1,0,1,0,0,0
34.956344073644736,1,0,1,0,0,0
34.98969936379134,1,0,1,0,0,0
35.02305465393795,1,0,1,0,0,0
35.05640994408456,1,0,1,0,0,0
35.089765234231166,1,0,1,0,0,0
35.12312052437777,1,0,1,0,0,0
35.15647581452438,1,0,1,0,0,0
35.189831104670986,1,0,1,0,0,0
35.223186394817596,1,0,1,0,0,0
35.2565416849642,1,0,1,0,0,0
35.28989697511081,1,0,1,0,0,0
35.323252265257416,1,0,1,0,0,0
35.356607555404025,1,0,1,0,0,0
35.389962845550635,1,0,1,0,0,0
35.42331813569724,1,0,1,0,0,0
35.456673425843846,1,0,1,0,0,0
35.490028715990455,1,0,1,0,0,0
35.523384006137064,1,0,1,0,0,0
35.556739296283666,1,0,1,0,0,0
35.590094586430276,1,0,1,0,0,0
35.623449876576885,1,0,1,0,0,0
35.656805166723494,1,0,1,0,0,0
35.690160456870096,1,0,1,0,0,0
35.723515747016705,1,0,1,0,0,0
35.756871037163314,1,0,1,0,0,0
35.790226327309924,1,0,1,0,0,0
35.82358161745653,1,0,1,0,0,0
35.856936907603135,1,0,1,0,0,0
35.890292197749744,1,0,1,0,0,0
35.92364748789635,1,0,1,0,0,0
35.95700277804296,1,0,1,0,0,0
35.990358068189565,1,0,1,0,0,0
36.023713358336174,1,0,1,0,0,0
36.05706864848278,1,0,1,0,0,0
36.09042393862939,1,0,1,0,0,0
36.123779228775994,1,0,1,0,0,0
36.157134518922604,1,0,1,0,0,0
36.19048980906921,1,0,1,0,0,0
36.22384509921582,1,0,1,0,0,0
36.25720038936243,1,0,1,0,0,0
36.29055567950903,1,0,1,0,0,0
36.32391096965564,1,0,1,0,0,0
36.35726625980225,1,0,1,0,0,0
36.39062154994886,1,0,1,0,0,0
36.42397684009546,1,0,1,0,0,0
36.45733213024207,1,0,1,0,0,0
36.49068742038868,1,0,1,0,0,0
36.52404271053529,1,0,1,0,0,0
36.55739800068189,1,0,1,0,0,0
36.5907532908285,1,0,1,0,0,0
36.62410858097511,1,0,1,0,0,0
36.65746387112172,1,0,1,0,0,0
36.69081916126833,1,0,1,0,0,0
36.72417445141493,1,0,1,0,0,0
36.75752974156154,1,0,1,0,0,0
36.79088503170815,1,0,1,0,0,0
36.82424032185476,1,0,1,0,0,0
36.85759561200136,1,0,1,0,0,0
36.89095090214797,1,0,1,0,0,0
36.92430619229458,1,0,1,0,0,0
36.95766148244119,1,0,1,0,0,0
36.9910167725878,1,0,1,0,0,0
37.0243720627344,1,0,1,0,0,0
37.05772735288101,1,0,1,0,0,0
37.09108264302762,1,0,1,0,0,0
37.12443793317423,1,0,1,0,0,0
37.15779322332083,1,0,1,0,0,0
37.19114851346744,1,0,1,0,0,0
37.22450380361405,1,0,1,0,0,0
37.25785909376066,1,0,1,0,0,0
37.29121438390726,1,0,1,0,0,0
37.32456967405387,1,0,1,0,0,0
37.35792496420048,1,0,1,0,0,0
37.39128025434709,1,0,1,0,0,0
37.4246355444937,1,0,1,0,0,0
37.4579908346403,1,0,1,0,0,0
37.49134612478691,1,0,1,0,0,0
37.52470141493352,1,0,1,0,0,0
37.558056705080126,1,0,1,0,0,0
37.59141199522673,1,0,1,0,0,0
37.62476728537334,1,0,1,0,0,0
37.65812257551995,1,0,1,0,0,0
37.691477865666556,1,0,1,0,0,0
37.72483315581316,1,0,1,0,0,0
37.75818844595977,1,0,1,0,0,0
37.79154373610638,1,0,1,0,0,0
37.824899026252986,1,0,1,0,0,0
37.858254316399595,1,0,1,0,0,0
37.8916096065462,1,0,1,0,0,0
37.924964896692806,1,0,1,0,0,0
37.958320186839416,1,0,1,0,0,0
37.991675476986025,1,0,1,0,0,0
38.02503076713263,1,0,1,0,0,0
38.058386057279236,1,0,1,0,0,0
38.091741347425845,1,0,1,0,0,0
38.125096637572454,1,0,1,0,0,0
38.15845192771906,1,0,1,0,0,0
38.191807217865666,1,0,1,0,0,0
38.225162508012275,1,0,1,0,0,0
38.258517798158884,1,0,1,0,0,0
38.29187308830549,1,0,1,0,0,0
38.325228378452096,1,0,1,0,0,0
38.358583668598705,1,0,1,0,0,0
38.391938958745314,1,0,1,0,0,0
38.42529424889192,1,0,1,0,0,0
38.458649539038525,1,0,1,0,0,0
38.492004829185134,1,0,1,0,0,0
38.525360119331744,1,0,1,0,0,0
38.55871540947835,1,0,1,0,0,0
38.592070699624955,1,0,1,0,0,0
38.625425989771564,1,0,1,0,0,0
38.65878127991817,1,0,1,0,0,0
38.69213657006478,1,0,1,0,0,0
38.72549186021139,1,0,1,0,0,0
38.758847150357994,1,0,1,0,0,0
38.7922024405046,1,0,1,0,0,0
38.82555773065121,1,0,1,0,0,0
38.85891302079782,1,0,1,0,0,0
38.892268310944424,1,0,1,0,0,0
38.92562360109103,1,0,1,0,0,0
38.95897889123764,1,0,1,0,0,0
38.99233418138425,1,0,1,0,0,0
39.02568947153085,1,0,1,0,0,0
39.05904476167746,1,0,1,0,0,0
39.09240005182407,1,0,1,0,0,0
39.12575534197068,1,0,1,0,0,0
39.15911063211729,1,0,1,0,0,0
39.19246592226389,1,0,1,0,0,0
39.2258212124105,1,0,1,0,0,0
39.25917650255711,1,0,1,0,0,0
39.29253179270372,1,0,1,0,0,0
39.32588708285032,1,0,1,0,0,0
39.35924237299693,1,0,1,0,0,0
39.39259766314354,1,0,1,0,0,0
39.42595295329015,1,0,1,0,0,0
39.45930824343675,1,0,1,0,0,0
39.49266353358336,1,0,1,0,0,0
39.52601882372997,1,0,1,0,0,0
39.55937411387658,1,0,1,0,0,0
39.59272940402319,1,0,1,0,0,0
39.62608469416979,1,0,1,0,0,0
39.6594399843164,1,0,1,0,0,0
39.69279527446301,1,0,1,0,0,0
39.72615056460962,1,0,1,0,0,0
39.75950585475622,1,0,1,0,0,0
39.79286114490283,1,0,1,0,0,0
39.82621643504944,1,0,1,0,0,0
39.85957172519605,1,0,1,0,0,0
39.89292701534265,1,0,1,0,0,0
39.92628230548926,1,0,1,0,0,0
39.95963759563587,1,0,1,0,0,0
39.99299288578248,1,0,1,0,0,0
40.02634817592909,1,0,1,0,0,0
40.05970346607569,1,0,1,0,0,0
40.0930587562223,1,0,1,0,0,0
40.12641404636891,1,0,1,0,0,0
40.15976933651552,1,0,1,0,0,0
40.19312462666212,1,0,1,0,0,0
40.22647991680873,1,0,1,0,0,0
40.25983520695534,1,0,1,0,0,0
40.293190497101946,1,0,1,0,0,0
40.32654578724855,1,0,1,0,0,0
40.35990107739516,1,0,1,0,0,0
40.39325636754177,1,0,1,0,0,0
40.426611657688376,1,0,1,0,0,0
40.459966947834985,1,0,1,0,0,0
40.49332223798159,1,0,1,0,0,0
40.5266775281282,1,0,1,0,0,0
40.560032818274806,1,0,1,0,0,0
40.593388108421415,1,0,1,0,0,0
40.62674339856802,1,0,1,0,0,0
40.660098688714626,1,0,1,0,0,0
40.693453978861235,1,0,1,0,0,0
40.726809269007845,1,0,1,0,0,0
40.76016455915445,1,0,1,0,0,0
40.793519849301056,1,0,1,0,0,0
40.826875139447665,1,0,1,0,0,0
40.860230429594274,1,0,1,0,0,0
40.893585719740884,1,0,1,0,0,0
40.926941009887486,1,0,1,0,0,0
40.960296300034095,1,0,1,0,0,0
40.993651590180704,1,0,1,0,0,0
41.02700688032731,1,0,1,0,0,0
41.060362170473915,1,0,1,0,0,0
41.093717460620525,1,0,1,0,0,0
41.127072750767134,1,0,1,0,0,0
41.16042804091374,1,0,1,0,0,0
41.193783331060345,1,0,1,0,0,0
41.227138621206954,1,0,1,0,0,0
41.260493911353564,1,0,1,0,0,0
41.29384920150017,1,0,1,0,0,0
41.32720449164678,1,0,1,0,0,0
41.360559781793384,1,0,1,0,0,0
41.39391507193999,1,0,1,0,0,0
41.4272703620866,1,0,1,0,0,0
41.46062565223321,1,0,1,0,0,0
41.493980942379814,1,0,1,0,0,0
41.52733623252642,1,0,1,0,0,0
41.56069152267303,1,0,1,0,0,0
41.59404681281964,1,0,1,0,0,0
41.62740210296624,1,0,1,0,0,0
41.66075739311285,1,0,1,0,0,0
41.69411268325946,1,0,1,0,0,0
41.72746797340607,1,0,1,0,0,0
41.76082326355268,1,0,1,0,0,0
41.79417855369928,1,0,1,0,0,0
41.82753384384589,1,0,1,0,0,0
41.8608891339925,1,0,1,0,0,0
41.89424442413911,1,0,1,0,0,0
41.92759971428571,1,0,1,0,0,0
41.96095500443232,1,0,1,0,0,0
41.99431029457893,1,0,1,0,0,0
42.02766558472554,1,0,1,0,0,0
42.06102087487214,1,0,1,0,0,0
42.09437616501875,1,0,1,0,0,0
42.12773145516536,1,0,1,0,0,0
42.16108674531197,1,0,1,0,0,0
42.19444203545858,1,0,1,0,0,0
42.22779732560518,1,0,1,0,0,0
42.26115261575179,1,0,1,0,0,0
42.2945079058984,1,0,1,0,0,0
42.32786319604501,1,0,1,0,0,0
42.36121848619161,1,0,1,0,0,0
42.39457377633822,1,0,1,0,0,0
42.42792906648483,1,0,1,0,0,0
42.46128435663144,1,0,1,0,0,0
42.49463964677804,1,0,1,0,0,0
42.52799493692465,1,0,1,0,0,0
42.56135022707126,1,0,1,0,0,0
42.59470551721787,1,0,1,0,0,0
42.62806080736448,1,0,1,0,0,0
42.66141609751108,1,0,1,0,0,0
42.69477138765769,1,0,1,0,0,0
42.7281266778043,1,0,1,0,0,0
42.76148196795091,1,0,1,0,0,0
42.79483725809751,1,0,1,0,0,0
42.82819254824412,1,0,1,0,0,0
42.86154783839073,1,0,1,0,0,0
42.89490312853734,1,0,1,0,0,0
42.92825841868394,1,0,1,0,0,0
42.96161370883055,1,0,1,0,0,0
42.99496899897716,1,0,1,0,0,0
43.028324289123766,1,0,1,0,0,0
43.061679579270375,1,0,1,0,0,0
43.09503486941698,1,0,1,0,0,0
43.12839015956359,1,0,1,0,0,0
43.161745449710196,1,0,1,0,0,0
43.195100739856805,1,0,1,0,0,0
43.22845603000341,1,0,1,0,0,0
43.26181132015002,1,0,1,0,0,0
43.295166610296626,1,0,1,0,0,0
43.328521900443235,1,0,1,0,0,0
43.36187719058984,1,0,1,0,0,0
43.395232480736446,1,0,1,0,0,0
43.428587770883055,1,0,1,0,0,0
43.461943061029665,1,0,1,0,0,0
43.495298351176274,1,0,1,0,0,0
43.528653641322876,1,0,1,0,0,0
43.562008931469485,1,0,1,0,0,0
43.595364221616094,1,0,1,0,0,0
43.628719511762704,1,0,1,0,0,0
43.662074801909306,1,0,1,0,0,0
43.695430092055915,1,0,1,0,0,0
43.728785382202524,1,0,1,0,0,0
43.76214067234913,1,0,1,0,0,0
43.79549596249574,1,0,1,0,0,0
43.828851252642345,1,0,1,0,0,0
43.862206542788954,1,0,1,0,0,0
43.89556183293556,1,0,1,0,0,0
43.92891712308217,1,0,1,0,0,0
43.962272413228774,1,0,1,0,0,0
43.99562770337538,1,0,1,0,0,0
44.02898299352199,1,0,1,0,0,0
44.0623382836686,1,0,1,0,0,0
44.095693573815204,1,0,1,0,0,0
44.12904886396181,1,0,1,0,0,0
44.16240415410842,1,0,1,0,0,0
44.19575944425503,1,0,1,0,0,0
44.22911473440164,1,0,1,0,0,0
44.26247002454824,1,0,1,0,0,0
44.29582531469485,1,0,1,0,0,0
44.32918060484146,1,0,1,0,0,0
44.36253589498807,1,0,1,0,0,0
44.39589118513467,1,0,1,0,0,0
44.42924647528128,1,0,1,0,0,0
44.46260176542789,1,0,1,0,0,0
44.4959570555745,1,0,1,0,0,0
44.5293123457211,1,0,1,0,0,0
44.56266763586771,1,0,1,0,0,0
44.59602292601432,1,0,1,0,0,0
44.62937821616093,1,0,1,0,0,0
44.66273350630754,1,0,1,0,0,0
44.69608879645414,1,0,1,0,0,0
44.72944408660075,1,0,1,0,0,0
44.76279937674736,1,0,1,0,0,0
44.79615466689397,1,0,1,0,0,0
44.82950995704057,1,0,1,0,0,0
44.86286524718718,1,0,1,0,0,0
44.89622053733379,1,0,1,0,0,0
44.9295758274804,1,0,1,0,0,0
44.962931117627,1,0,1,0,0,0
44.99628640777361,1,0,1,0,0,0
45.02964169792022,1,0,1,0,0,0
45.06299698806683,1,0,1,0,0,0
45.09635227821344,1,0,1,0,0,0
45.12970756836004,1,0,1,0,0,0
45.16306285850665,1,0,1,0,0,0
45.19641814865326,1,0,1,0,0,0
45.22977343879987,1,0,1,0,0,0
45.26312872894647,1,0,1,0,0,0
45.29648401909308,1,0,1,0,0,0
45.32983930923969,1,0,1,0,0,0
45.3631945993863,1,0,1,0,0,0
45.3965498895329,1,0,1,0,0,0
45.42990517967951,1,0,1,0,0,0
45.46326046982612,1,0,1,0,0,0
45.49661575997273,1,0,1,0,0,0
45.529971050119336,1,0,1,0,0,0
45.56332634026594,1,0,1,0,0,0
45.59668163041255,1,0,1,0,0,0
45.63003692055916,1,0,1,0,0,0
45.663392210705766,1,0,1,0,0,0
45.69674750085237,1,0,1,0,0,0
45.73010279099898,1,0,1,0,0,0
45.763458081145586,1,0,1,0,0,0
45.796813371292195,1,0,1,0,0,0
45.8301686614388,1,0,1,0,0,0
45.86352395158541,1,0,1,0,0,0
45.896879241732016,1,0,1,0,0,0
45.930234531878625,1,0,1,0,0,0
45.963589822025234,1,0,1,0,0,0
45.99694511217184,1,0,1,0,0,0
46.030300402318446,1,0,1,0,0,0
46.063655692465055,1,0,1,0,0,0
46.097010982611664,1,0,1,0,0,0
46.130366272758266,1,0,1,0,0,0
46.163721562904875,1,0,1,0,0,0
46.197076853051485,1,0,1,0,0,0
46.230432143198094,1,0,1,0,0,0
46.263787433344696,1,0,1,0,0,0
46.297142723491305,1,0,1,0,0,0
46.330498013637914,1,0,1,0,0,0
46.36385330378452,1,0,1,0,0,0
46.39720859393113,1,0,1,0,0,0
46.430563884077735,1,0,1,0,0,0
46.463919174224344,1,0,1,0,0,0
46.49727446437095,1,0,1,0,0,0
46.53062975451756,1,0,1,0,0,0
46.563985044664165,1,0,1,0,0,0
46.597340334810774,1,0,1,0,0,0
46.63069562495738,1,0,1,0,0,0
46.66405091510399,1,0,1,0,0,0
46.697406205250594,1,0,1,0,0,0
46.7307614953972,1,0,1,0,0,0
46.76411678554381,1,0,1,0,0,0
46.79747207569042,1,0,1,0,0,0
46.83082736583703,1,0,1,0,0,0
46.86418265598363,1,0,1,0,0,0
46.89753794613024,1,0,1,0,0,0
46.93089323627685,1,0,1,0,0,0
46.96424852642346,1,0,1,0,0,0
46.99760381657006,1,0,1,0,0,0
47.03095910671667,1,0,1,0,0,0
47.06431439686328,1,0,1,0,0,0
47.09766968700989,1,0,1,0,0,0
47.13102497715649,1,0,1,0,0,0
47.1643802673031,1,0,1,0,0,0
47.19773555744971,1,0,1,0,0,0
47.23109084759632,1,0,1,0,0,0
47.26444613774293,1,0,1,0,0,0
47.29780142788953,1,0,1,0,0,0
47.33115671803614,1,0,1,0,0,0
47.36451200818275,1,0,1,0,0,0
47.39786729832936,1,0,1,0,0,0
47.43122258847596,1,0,1,0,0,0
47.46457787862257,1,0,1,0,0,0
47.49793316876918,1,0,1,0,0,0
47.53128845891579,1,0,1,0,0,0
47.56464374906239,1,0,1,0,0,0
47.597999039209,1,0,1,0,0,0
47.63135432935561,1,0,1,0,0,0
47.66470961950222,1,0,1,0,0,0
47.69806490964883,1,0,1,0,0,0
47.73142019979543,1,0,1,0,0,0
47.76477548994204,1,0,1,0,0,0
47.79813078008865,1,0,1,0,0,0
47.83148607023526,1,0,1,0,0,0
47.86484136038186,1,0,1,0,0,0
47.89819665052847,1,0,1,0,0,0
47.93155194067508,1,0,1,0,0,0
47.96490723082169,1,0,1,0,0,0
47.99826252096829,1,0,1,0,0,0
48.0316178111149,1,0,1,0,0,0
48.06497310126151,1,0,1,0,0,0
48.09832839140812,1,0,1,0,0,0
48.131683681554726,1,0,1,0,0,0
48.16503897170133,1,0,1,0,0,0
48.19839426184794,1,0,1,0,0,0
48.23174955199455,1,0,1,0,0,0
48.265104842141156,1,0,1,0,0,0
48.29846013228776,1,0,1,0,0,0
48.33181542243437,1,0,1,0,0,0
48.365170712580976,1,0,1,0,0,0
48.398526002727586,1,0,1,0,0,0
48.43188129287419,1,0,1,0,0,0
48.4652365830208,1,0,1,0,0,0
48.498591873167406,1,0,1,0,0,0
48.531947163314015,1,0,1,0,0,0
48.565302453460625,1,0,1,0,0,0
48.59865774360723,1,0,1,0,0,0
48.632013033753836,1,0,1,0,0,0
48.665368323900445,1,0,1,0,0,0
48.698723614047054,1,0,1,0,0,0
48.732078904193656,1,0,1,0,0,0
48.765434194340266,1,0,1,0,0,0
48.798789484486875,1,0,1,0,0,0
48.832144774633484,1,0,1,0,0,0
48.865500064780086,1,0,1,0,0,0
48.898855354926695,1,0,1,0,0,0
48.932210645073305,1,0,1,0,0,0
48.965565935219914,1,0,1,0,0,0
48.99892122536652,1,0,1,0,0,0
49.032276515513125,1,0,1,0,0,0
49.065631805659734,1,0,1,0,0,0
49.09898709580634,1,0,1,0,0,0
49.13234238595295,1,0,1,0,0,0
49.165697676099555,1,0,1,0,0,0
49.199052966246164,1,0,1,0,0,0
49.23240825639277,1,0,1,0,0,0
49.26576354653938,1,0,1,0,0,0
49.299118836685984,1,0,1,0,0,0
49.332474126832594,1,0,1,0,0,0
49.3658294169792,1,0,1,0,0,0
49.39918470712581,1,0,1,0,0,0
49.43253999727242,1,0,1,0,0,0
49.46589528741902,1,0,1,0,0,0
49.49925057756563,1,0,1,0,0,0
49.53260586771224,1,0,1,0,0,0
49.56596115785885,1,0,1,0,0,0
49.59931644800545,1,0,1,0,0,0
49.63267173815206,1,0,1,0,0,0
49.66602702829867,1,0,1,0,0,0
49.69938231844528,1,0,1,0,0,0
49.73273760859188,1,0,1,0,0,0
49.76609289873849,1,0,1,0,0,0
49.7994481888851,1,0,1,0,0,0
49.83280347903171,1,0,1,0,0,0
49.86615876917832,1,0,1,0,0,0
49.89951405932492,1,0,1,0,0,0
49.93286934947153,1,0,1,0,0,0
49.96622463961814,1,0,1,0,0,0
49.99957992976475,1,0,1,0,0,0
50.03293521991135,1,0,1,0,0,0
50.06629051005796,1,0,1,0,0,0
50.09964580020457,1,0,1,0,0,0
50.13300109035118,1,0,1,0,0,0
50.16635638049779,1,0,1,0,0,0
50.19971167064439,1,0,1,0,0,0
50.233066960791,1,0,1,0,0,0
50.26642225093761,1,0,1,0,0,0
50.29977754108422,1,0,1,0,0,0
50.33313283123082,1,0,1,0,0,0
50.36648812137743,1,0,1,0,0,0
50.39984341152404,1,0,1,0,0,0
50.43319870167065,1,0,1,0,0,0
50.46655399181725,1,0,1,0,0,0
50.49990928196386,1,0,1,0,0,0
50.53326457211047,1,0,1,0,0,0
50.56661986225708,1,0,1,0,0,0
50.59997515240369,1,0,1,0,0,0
50.63333044255029,1,0,1,0,0,0
50.6666857326969,1,0,1,0,0,0
50.70004102284351,1,0,1,0,0,0
50.733396312990116,1,0,1,0,0,0
50.76675160313672,1,0,1,0,0,0
50.80010689328333,1,0,1,0,0,0
50.83346218342994,1,0,1,0,0,0
50.866817473576546,1,0,1,0,0,0
50.90017276372315,1,0,1,0,0,0
50.93352805386976,1,0,1,0,0,0
50.96688334401637,1,0,1,0,0,0
51.000238634162976,1,0,1,0,0,0
51.033593924309585,1,0,1,0,0,0
51.06694921445619,1,0,1,0,0,0
51.100304504602796,1,0,1,0,0,0
51.133659794749406,1,0,1,0,0,0
51.167015084896015,1,0,1,0,0,0
51.20037037504262,1,0,1,0,0,0
51.233725665189226,1,0,1,0,0,0
51.267080955335835,1,0,1,0,0,0
51.300436245482445,1,0,1,0,0,0
51.33379153562905,1,0,1,0,0,0
51.367146825775656,1,0,1,0,0,0
51.400502115922265,1,0,1,0,0,0
51.433857406068874,1,0,1,0,0,0
51.46721269621548,1,0,1,0,0,0
51.500567986362086,1,0,1,0,0,0
51.533923276508695,1,0,1,0,0,0
51.567278566655304,1,0,1,0,0,0
51.60063385680191,1,0,1,0,0,0
51.633989146948515,1,0,1,0,0,0
51.667344437095124,1,0,1,0,0,0
51.700699727241734,1,0,1,0,0,0
51.73405501738834,1,0,1,0,0,0
51.767410307534945,1,0,1,0,0,0
51.800765597681554,1,0,1,0,0,0
51.83412088782816,1,0,1,0,0,0
51.86747617797477,1,0,1,0,0,0
51.90083146812138,1,0,1,0,0,0
51.934186758267984,1,0,1,0,0,0
51.96754204841459,1,0,1,0,0,0
52.0008973385612,1,0,1,0,0,0
52.03425262870781,1,0,1,0,0,0
52.067607918854414,1,0,1,0,0,0
52.10096320900102,1,0,1,0,0,0
52.13431849914763,1,0,1,0,0,0
52.16767378929424,1,0,1,0,0,0
52.20102907944084,1,0,1,0,0,0
52.23438436958745,1,0,1,0,0,0
52.26773965973406,1,0,1,0,0,0
52.30109494988067,1,0,1,0,0,0
52.33445024002728,1,0,1,0,0,0
52.36780553017388,1,0,1,0,0,0
52.40116082032049,1,0,1,0,0,0
52.4345161104671,1,0,1,0,0,0
52.46787140061371,1,0,1,0,0,0
52.50122669076031,1,0,1,0,0,0
52.53458198090692,1,0,1,0,0,0
52.56793727105353,1,0,1,0,0,0
52.60129256120014,1,0,1,0,0,0
52.63464785134674,1,0,1,0,0,0
52.66800314149335,1,0,1,0,0,0
52.70135843163996,1,0,1,0,0,0
52.73471372178657,1,0,1,0,0,0
52.76806901193318,1,0,1,0,0,0
52.80142430207978,1,0,1,0,0,0
52.83477959222639,1,0,1,0,0,0
52.868134882373,1,0,1,0,0,0
52.90149017251961,1,0,1,0,0,0
52.93484546266621,1,0,1,0,0,0
52.96820075281282,1,0,1,0,0,0
53.00155604295943,1,0,1,0,0,0
53.03491133310604,1,0,1,0,0,0
53.06826662325264,1,0,1,0,0,0
53.10162191339925,1,0,1,0,0,0
53.13497720354586,1,0,1,0,0,0
53.16833249369247,1,0,1,0,0,0
53.20168778383908,1,0,1,0,0,0
53.23504307398568,1,0,1,0,0,0
53.26839836413229,1,0,1,0,0,0
53.3017536542789,1,0,1,0,0,0
53.33510894442551,1,0,1,0,0,0
53.36846423457211,1,0,1,0,0,0
53.40181952471872,1,0,1,0,0,0
53.43517481486533,1,0,1,0,0,0
53.468530105011936,1,0,1,0,0,0
53.50188539515854,1,0,1,0,0,0
53.53524068530515,1,0,1,0,0,0
53.56859597545176,1,0,1,0,0,0
53.601951265598366,1,0,1,0,0,0
53.635306555744975,1,0,1,0,0,0
53.66866184589158,1,0,1,0,0,0
53.70201713603819,1,0,1,0,0,0
53.735372426184796,1,0,1,0,0,0
53.768727716331405,1,0,1,0,0,0
53.80208300647801,1,0,1,0,0,0
53.835438296624616,1,0,1,0,0,0
53.868793586771226,1,0,1,0,0,0
53.902148876917835,1,0,1,0,0,0
53.93550416706444,1,0,1,0,0,0
53.968859457211046,1,0,1,0,0,0
54.002214747357655,1,0,1,0,0,0
54.035570037504264,1,0,1,0,0,0
54.068925327650874,1,0,1,0,0,0
54.102280617797476,1,0,1,0,0,0
54.135635907944085,1,0,1,0,0,0
54.168991198090694,1,0,1,0,0,0
54.2023464882373,1,0,1,0,0,0
54.235701778383905,1,0,1,0,0,0
54.269057068530515,1,0,1,0,0,0
54.302412358677124,1,0,1,0,0,0
54.33576764882373,1,0,1,0,0,0
54.369122938970335,1,0,1,0,0,0
54.402478229116944,1,0,1,0,0,0
54.435833519263554,1,0,1,0,0,0
54.46918880941016,1,0,1,0,0,0
54.50254409955677,1,0,1,0,0,0
54.535899389703374,1,0,1,0,0,0
54.56925467984998,1,0,1,0,0,0
54.60260996999659,1,0,1,0,0,0
54.6359652601432,1,0,1,0,0,0
54.669320550289804,1,0,1,0,0,0
54.70267584043641,1,0,1,0,0,0
54.73603113058302,1,0,1,0,0,0
54.76938642072963,1,0,1,0,0,0
54.802741710876234,1,0,1,0,0,0
54.83609700102284,1,0,1,0,0,0
54.86945229116945,1,0,1,0,0,0
54.90280758131606,1,0,1,0,0,0
54.93616287146267,1,0,1,0,0,0
54.96951816160927,1,0,1,0,0,0
55.00287345175588,1,0,1,0,0,0
55.03622874190249,1,0,1,0,0,0
55.0695840320491,1,0,1,0,0,0
55.1029393221957,1,0,1,0,0,0
55.13629461234231,1,0,1,0,0,0
55.16964990248892,1,0,1,0,0,0
55.20300519263553,1,0,1,0,0,0
55.23636048278213,1,0,1,0,0,0
55.26971577292874,1,0,1,0,0,0
55.30307106307535,1,0,1,0,0,0
55.33642635322196,1,0,1,0,0,0
55.36978164336857,1,0,1,0,0,0
55.40313693351517,1,0,1,0,0,0
55.43649222366178,1,0,1,0,0,0
55.46984751380839,1,0,1,0,0,0
55.503202803955,1,0,1,0,0,0
55.5365580941016,1,0,1,0,0,0
55.56991338424821,1,0,1,0,0,0
55.60326867439482,1,0,1,0,0,0
55.63662396454143,1,0,1,0,0,0
55.66997925468803,1,0,1,0,0,0
55.70333454483464,1,0,1,0,0,0
55.73668983498125,1,0,1,0,0,0
55.77004512512786,1,0,1,0,0,0
55.80340041527447,1,0,1,0,0,0
55.83675570542107,1,0,1,0,0,0
55.87011099556768,1,0,1,0,0,0
55.90346628571429,1,0,1,0,0,0
55.9368215758609,1,0,1,0,0,0
55.9701768660075,1,0,1,0,0,0
56.00353215615411,1,0,1,0,0,0
56.03688744630072,1,0,1,0,0,0
56.07024273644733,1,0,1,0,0,0
56.10359802659393,1,0,1,0,0,0
56.13695331674054,1,0,1,0,0,0
56.17030860688715,1,0,1,0,0,0
56.203663897033756,1,0,1,0,0,0
56.237019187180366,1,0,1,0,0,0
56.27037447732697,1,0,1,0,0,0
56.30372976747358,1,0,1,0,0,0
56.337085057620186,1,0,1,0,0,0
56.370440347766795,1,0,1,0,0,0
56.4037956379134,1,0,1,0,0,0
56.43715092806001,1,0,1,0,0,0
56.470506218206616,1,0,1,0,0,0
56.503861508353225,1,0,1,0,0,0
56.53721679849983,1,0,1,0,0,0
56.570572088646436,1,0,1,0,0,0
56.603927378793045,1,0,1,0,0,0
56.637282668939655,1,0,1,0,0,0
56.670637959086264,1,0,1,0,0,0
56.703993249232866,1,0,1,0,0,0
56.737348539379475,1,0,1,0,0,0
56.770703829526084,1,0,1,0,0,0
56.804059119672694,1,0,1,0,0,0
56.837414409819296,1,0,1,0,0,0
56.870769699965905,1,0,1,0,0,0
56.904124990112514,1,0,1,0,0,0
56.93748028025912,1,0,1,0,0,0
56.97083557040573,1,0,1,0,0,0
57.004190860552335,1,0,1,0,0,0
57.037546150698944,1,0,1,0,0,0
57.07090144084555,1,0,1,0,0,0
57.10425673099216,1,0,1,0,0,0
57.137612021138764,1,0,1,0,0,0
57.170967311285374,1,0,1,0,0,0
57.20432260143198,1,0,1,0,0,0
57.23767789157859,1,0,1,0,0,0
57.271033181725194,1,0,1,0,0,0
57.3043884718718,1,0,1,0,0,0
57.33774376201841,1,0,1,0,0,0
57.37109905216502,1,0,1,0,0,0
57.40445434231163,1,0,1,0,0,0
57.43780963245823,1,0,1,0,0,0
57.47116492260484,1,0,1,0,0,0
57.50452021275145,1,0,1,0,0,0
57.53787550289806,1,0,1,0,0,0
57.57123079304466,1,0,1,0,0,0
57.60458608319127,1,0,1,0,0,0
57.63794137333788,1,0,1,0,0,0
57.67129666348449,1,0,1,0,0,0
57.70465195363109,1,0,1,0,0,0
57.7380072437777,1,0,1,0,0,0
57.77136253392431,1,0,1,0,0,0
57.80471782407092,1,0,1,0,0,0
57.83807311421753,1,0,1,0,0,0
57.87142840436413,1,0,1,0,0,0
57.90478369451074,1,0,1,0,0,0
57.93813898465735,1,0,1,0,0,0
57.97149427480396,1,0,1,0,0,0
58.00484956495056,1,0,1,0,0,0
58.03820485509717,1,0,1,0,0,0
58.07156014524378,1,0,1,0,0,0
58.10491543539039,1,0,1,0,0,0
58.13827072553699,1,0,1,0,0,0
58.1716260156836,1,0,1,0,0,0
58.20498130583021,1,0,1,0,0,0
58.23833659597682,1,0,1,0,0,0
58.27169188612343,1,0,1,0,0,0
58.30504717627003,1,0,1,0,0,0
58.33840246641664,1,0,1,0,0,0
58.37175775656325,1,0,1,0,0,0
58.40511304670986,1,0,1,0,0,0
58.43846833685646,1,0,1,0,0,0
58.47182362700307,1,0,1,0,0,0
58.50517891714968,1,0,1,0,0,0
58.53853420729629,1,0,1,0,0,0
58.57188949744289,1,0,1,0,0,0
58.6052447875895,1,0,1,0,0,0
58.63860007773611,1,0,1,0,0,0
58.67195536788272,1,0,1,0,0,0
58.705310658029326,1,0,1,0,0,0
58.73866594817593,1,0,1,0,0,0
58.77202123832254,1,0,1,0,0,0
58.80537652846915,1,0,1,0,0,0
58.838731818615756,1,0,1,0,0,0
58.87208710876236,1,0,1,0,0,0
58.90544239890897,1,0,1,0,0,0
58.938797689055576,1,0,1,0,0,0
58.972152979202185,1,0,1,0,0,0
59.00550826934879,1,0,1,0,0,0
59.0388635594954,1,0,1,0,0,0
59.072218849642006,1,0,1,0,0,0
59.105574139788615,1,0,1,0,0,0
59.138929429935224,1,0,1,0,0,0
59.17228472008183,1,0,1,0,0,0
59.205640010228436,1,0,1,0,0,0
59.238995300375045,1,0,1,0,0,0
59.272350590521654,1,0,1,0,0,0
59.305705880668256,1,0,1,0,0,0
59.339061170814865,1,0,1,0,0,0
59.372416460961475,1,0,1,0,0,0
59.405771751108084,1,0,1,0,0,0
59.439127041254686,1,0,1,0,0,0
59.472482331401295,1,0,1,0,0,0
59.505837621547904,1,0,1,0,0,0
59.539192911694514,1,0,1,0,0,0
59.57254820184112,1,0,1,0,0,0
59.605903491987725,1,0,1,0,0,0
59.639258782134334,1,0,1,0,0,0
59.67261407228094,1,0,1,0,0,0
59.70596936242755,1,0,1,0,0,0
59.739324652574155,1,0,1,0,0,0
59.772679942720764,1,0,1,0,0,0
59.80603523286737,1,0,1,0,0,0
59.83939052301398,1,0,1,0,0,0
59.872745813160584,1,0,1,0,0,0
59.90610110330719,1,0,1,0,0,0
59.9394563934538,1,0,1,0,0,0
59.97281168360041,1,0,1,0,0,0
60.00616697374702,1,0,1,0,0,0
60.03952226389362,1,0,1,0,0,0
60.07287755404023,1,0,1,0,0,0
60.10623284418684,1,0,1,0,0,0
60.13958813433345,1,0,1,0,0,0
60.17294342448005,1,0,1,0,0,0
60.20629871462666,1,0,1,0,0,0
60.23965400477327,1,0,1,0,0,0
60.27300929491988,1,0,1,0,0,0
60.30636458506648,1,0,1,0,0,0
60.33971987521309,1,0,1,0,0,0
60.3730751653597,1,0,1,0,0,0
60.40643045550631,1,0,1,0,0,0
60.43978574565292,1,0,1,0,0,0
60.47314103579952,1,0,1,0,0,0
60.50649632594613,1,0,1,0,0,0
60.53985161609274,1,0,1,0,0,0
60.57320690623935,1,0,1,0,0,0
60.60656219638595,1,0,1,0,0,0
60.63991748653256,1,0,1,0,0,0
60.67327277667917,1,0,1,0,0,0
60.70662806682578,1,0,1,0,0,0
60.73998335697238,1,0,1,0,0,0
60.77333864711899,1,0,1,0,0,0
60.8066939372656,1,0,1,0,0,0
60.84004922741221,1,0,1,0,0,0
60.87340451755882,1,0,1,0,0,0
60.90675980770542,1,0,1,0,0,0
60.94011509785203,1,0,1,0,0,0
60.97347038799864,1,0,1,0,0,0
61.00682567814525,1,0,1,0,0,0
61.04018096829185,1,0,1,0,0,0
61.07353625843846,1,0,1,0,0,0
61.10689154858507,1,0,1,0,0,0
61.14024683873168,1,0,1,0,0,0
61.17360212887828,1,0,1,0,0,0
61.20695741902489,1,0,1,0,0,0
61.2403127091715,1,0,1,0,0,0
61.27366799931811,1,0,1,0,0,0
61.307023289464716,1,0,1,0,0,0
61.34037857961132,1,0,1,0,0,0
61.37373386975793,1,0,1,0,0,0
61.40708915990454,1,0,1,0,0,0
61.440444450051146,1,0,1,0,0,0
61.47379974019775,1,0,1,0,0,0
61.50715503034436,1,0,1,0,0,0
61.54051032049097,1,0,1,0,0,0
61.573865610637576,1,0,1,0,0,0
61.60722090078418,1,0,1,0,0,0
61.64057619093079,1,0,1,0,0,0
61.673931481077396,1,0,1,0,0,0
61.707286771224005,1,0,1,0,0,0
61.740642061370615,1,0,1,0,0,0
61.77399735151722,1,0,1,0,0,0
61.807352641663826,1,0,1,0,0,0
61.840707931810435,1,0,1,0,0,0
61.874063221957044,1,0,1,0,0,0
61.907418512103646,1,0,1,0,0,0
61.940773802250256,1,0,1,0,0,0
61.974129092396865,1,0,1,0,0,0
62.007484382543474,1,0,1,0,0,0
62.040839672690076,1,0,1,0,0,0
62.074194962836685,1,0,1,0,0,0
62.107550252983295,1,0,1,0,0,0
62.140905543129904,1,0,1,0,0,0
62.17426083327651,1,0,1,0,0,0
62.207616123423115,1,0,1,0,0,0
62.240971413569724,1,0,1,0,0,0
62.27432670371633,1,0,1,0,0,0
62.30768199386294,1,0,1,0,0,0
62.341037284009545,1,0,1,0,0,0
62.374392574156154,1,0,1,0,0,0
62.40774786430276,1,0,1,0,0,0
62.44110315444937,1,0,1,0,0,0
62.474458444595975,1,0,1,0,0,0
62.507813734742584,1,0,1,0,0,0
62.54116902488919,1,0,1,0,0,0
62.5745243150358,1,0,1,0,0,0
62.60787960518241,1,0,1,0,0,0
62.64123489532901,1,0,1,0,0,0
62.67459018547562,1,0,1,0,0,0
62.70794547562223,1,0,1,0,0,0
62.74130076576884,1,0,1,0,0,0
62.77465605591544,1,0,1,0,0,0
62.80801134606205,1,0,1,0,0,0
62.84136663620866,1,0,1,0,0,0
62.87472192635527,1,0,1,0,0,0
62.90807721650187,1,0,1,0,0,0
62.94143250664848,1,0,1,0,0,0
62.97478779679509,1,0,1,0,0,0
63.0081430869417,1,0,1,0,0,0
63.04149837708831,1,0,1,0,0,0
63.07485366723491,1,0,1,0,0,0
63.10820895738152,1,0,1,0,0,0
63.14156424752813,1,0,1,0,0,0
63.17491953767474,1,0,1,0,0,0
63.20827482782134,1,0,1,0,0,0
63.24163011796795,1,0,1,0,0,0
63.27498540811456,1,0,1,0,0,0
63.30834069826117,1,0,1,0,0,0
63.34169598840777,1,0,1,0,0,0
63.37505127855438,1,0,1,0,0,0
63.40840656870099,1,0,1,0,0,0
63.4417618588476,1,0,1,0,0,0
63.47511714899421,1,0,1,0,0,0
63.50847243914081,1,0,1,0,0,0
63.54182772928742,1,0,1,0,0,0
63.57518301943403,1,0,1,0,0,0
63.60853830958064,1,0,1,0,0,0
63.64189359972724,1,0,1,0,0,0
63.67524888987385,1,0,1,0,0,0
63.70860418002046,1,0,1,0,0,0
63.74195947016707,1,0,1,0,0,0
63.77531476031368,1,0,1,0,0,0
63.80867005046028,1,0,1,0,0,0
63.84202534060689,1,0,1,0,0,0
63.8753806307535,1,0,1,0,0,0
63.90873592090011,1,0,1,0,0,0
63.94209121104671,1,0,1,0,0,0
63.97544650119332,1,0,1,0,0,0
64.00880179133992,1,0,1,0,0,0
64.04215708148654,1,0,1,0,0,0
64.07551237163314,1,0,0,0,0,0
64.10886766177975,1,0,0,0,0,0
64.14222295192636,1,0,0,0,0,0
64.17557824207296,1,0,0,0,0,0
64.20893353221958,1,0,0,0,0,0
64.24228882236618,1,0,0,0,0,0
64.2756441125128,1,0,0,0,0,0
64.3089994026594,1,0,0,0,0,0
64.342354692806,1,0,0,0,0,0
64.37570998295261,1,0,0,0,0,0
64.40906527309922,1,0,0,0,0,0
64.44242056324582,1,0,0,0,0,0
64.47577585339243,1,0,0,0,0,0
64.50913114353904,1,0,0,0,0,0
64.54248643368565,1,0,0,0,0,0
64.57584172383226,1,0,0,0,0,0
64.60919701397886,1,0,0,0,0,0
64.64255230412547,1,0,0,0,0,0
64.67590759427208,1,0,0,0,0,0
64.70926288441869,1,0,0,0,0,0
64.7426181745653,1,0,0,0,0,0
64.7759734647119,1,0,0,0,0,0
64.80932875485851,1,0,0,0,0,0
64.84268404500511,1,0,0,0,0,0
64.87603933515172,1,0,0,0,0,0
64.90939462529833,1,0,0,0,0,0
64.94274991544494,1,0,0,0,0,0
64.97610520559155,1,0,0,0,0,0
65.00946049573815,1,0,0,0,0,0
65.04281578588476,1,0,0,0,0,0
65.07617107603137,1,0,0,0,0,0
65.10952636617797,1,0,0,0,0,0
65.14288165632459,1,0,0,0,0,0
65.17623694647119,1,0,0,0,0,0
65.2095922366178,1,0,0,0,0,0
65.24294752676441,1,0,0,0,0,0
65.27630281691101,1,0,0,0,0,0
65.30965810705761,1,0,0,0,0,0
65.34301339720423,1,0,0,0,0,0
65.37636868735083,1,0,0,0,0,0
65.40972397749745,1,0,0,0,0,0
65.44307926764405,1,0,0,0,0,0
65.47643455779065,1,0,0,0,0,0
65.50978984793727,1,0,0,0,0,0
65.54314513808387,1,0,0,0,0,0
65.57650042823049,1,0,0,0,0,0
65.60985571837709,1,0,0,0,0,0
65.64321100852369,1,0,0,0,0,0
65.67656629867031,1,0,0,0,0,0
65.70992158881691,1,0,0,0,0,0
65.74327687896351,1,0,0,0,0,0
65.77663216911013,1,0,0,0,0,0
65.80998745925673,1,0,0,0,0,0
65.84334274940335,1,0,0,0,0,0
65.87669803954995,1,0,0,0,0,0
65.91005332969655,1,0,0,0,0,0
65.94340861984317,1,0,0,0,0,0
65.97676390998977,1,0,0,0,0,0
66.01011920013639,1,0,0,0,0,0
66.04347449028299,1,0,0,0,0,0
66.07682978042959,1,0,0,0,0,0
66.11018507057621,1,0,0,0,0,0
66.14354036072281,1,0,0,0,0,0
66.17689565086941,1,0,0,0,0,0
66.21025094101603,1,0,0,0,0,0
66.24360623116263,1,0,0,0,0,0
66.27696152130925,1,0,0,0,0,0
66.31031681145585,1,0,0,0,0,0
66.34367210160245,1,0,0,0,0,0
66.37702739174907,1,0,0,0,0,0
66.41038268189567,1,0,0,0,0,0
66.44373797204229,1,0,0,0,0,0
66.47709326218889,1,0,0,0,0,0
66.51044855233549,1,0,0,0,0,0
66.5438038424821,1,0,0,0,0,0
66.57715913262871,1,0,0,0,0,0
66.61051442277531,1,0,0,0,0,0
66.64386971292193,1,0,0,0,0,0
66.67722500306853,1,0,0,0,0,0
66.71058029321514,1,0,0,0,0,0
66.74393558336175,1,0,0,0,0,0
66.77729087350835,1,0,0,0,0,0
66.81064616365497,1,0,0,0,0,0
66.84400145380157,1,0,0,0,0,0
66.87735674394818,1,0,0,0,0,0
66.91071203409479,1,0,0,0,0,0
66.94406732424139,1,0,0,0,0,0
66.977422614388,1,0,0,0,0,0
67.0107779045346,1,0,0,0,0,0
67.04413319468121,1,0,0,0,0,0
67.07748848482782,1,0,0,0,0,0
67.11084377497443,1,0,0,0,0,0
67.14419906512104,1,0,0,0,0,0
67.17755435526765,1,0,0,0,0,0
67.21090964541425,1,0,0,0,0,0
67.24426493556086,1,0,0,0,0,0
67.27762022570747,1,0,0,0,0,0
67.31097551585408,1,0,0,0,0,0
67.34433080600068,1,0,0,0,0,0
67.37768609614729,1,0,0,0,0,0
67.4110413862939,1,0,0,0,0,0
67.4443966764405,1,0,0,0,0,0
67.4777519665871,1,0,0,0,0,0
67.51110725673372,1,0,0,0,0,0
67.54446254688033,1,0,0,0,0,0
67.57781783702694,1,0,0,0,0,0
67.61117312717354,1,0,0,0,0,0
67.64452841732015,1,0,0,0,0,0
67.67788370746676,1,0,0,0,0,0
67.71123899761336,1,0,0,0,0,0
67.74459428775998,1,0,0,0,0,0
67.77794957790658,1,0,0,0,0,0
67.81130486805318,1,0,0,0,0,0
67.8446601581998,1,0,0,0,0,0
67.8780154483464,1,0,0,0,0,0
67.911370738493,1,0,0,0,0,0
67.94472602863962,1,0,0,0,0,0
67.97808131878622,1,0,0,0,0,0
68.01143660893284,1,0,0,0,0,0
68.04479189907944,1,0,0,0,0,0
68.07814718922604,1,0,0,0,0,0
68.11150247937266,1,0,0,0,0,0
68.14485776951926,1,0,0,0,0,0
68.17821305966588,1,0,0,0,0,0
68.21156834981248,1,0,0,0,0,0
68.24492363995908,1,0,0,0,0,0
68.2782789301057,1,0,0,0,0,0
68.3116342202523,1,0,0,0,0,0
68.3449895103989,1,0,0,0,0,0
68.37834480054552,1,0,0,0,0,0
68.41170009069212,1,0,0,0,0,0
68.44505538083874,1,0,0,0,0,0
68.47841067098534,1,0,0,0,0,0
68.51176596113194,1,0,0,0,0,0
68.54512125127856,1,0,0,0,0,0
68.57847654142516,1,0,0,0,0,0
68.61183183157178,1,0,0,0,0,0
68.64518712171838,1,0,0,0,0,0
68.67854241186498,1,0,0,0,0,0
68.7118977020116,1,0,0,0,0,0
68.7452529921582,1,0,0,0,0,0
68.7786082823048,1,0,0,0,0,0
68.81196357245142,1,0,0,0,0,0
68.84531886259802,1,0,0,0,0,0
68.87867415274464,1,0,0,0,0,0
68.91202944289124,1,0,0,0,0,0
68.94538473303784,1,0,0,0,0,0
68.97874002318446,1,0,0,0,0,0
69.01209531333106,1,0,0,0,0,0
69.04545060347768,1,0,0,0,0,0
69.07880589362428,1,0,0,0,0,0
69.11216118377088,1,0,0,0,0,0
69.1455164739175,1,0,0,0,0,0
69.1788717640641,1,0,0,0,0,0
69.2122270542107,1,0,0,0,0,0
69.24558234435732,1,0,0,0,0,0
69.27893763450392,1,0,0,0,0,0
69.31229292465054,1,0,0,0,0,0
69.34564821479714,1,0,0,0,0,0
69.37900350494374,1,0,0,0,0,0
69.41235879509036,1,0,0,0,0,0
69.44571408523696,1,0,0,0,0,0
69.47906937538357,1,0,0,0,0,0
69.51242466553018,1,0,0,0,0,0
69.54577995567678,1,0,0,0,0,0
69.5791352458234,1,0,0,0,0,0
69.61249053597,1,0,0,0,0,0
69.6458458261166,1,0,0,0,0,0
69.67920111626321,1,0,0,0,0,0
69.71255640640982,1,0,0,0,0,0
69.74591169655643,1,0,0,0,0,0
69.77926698670304,1,0,0,0,0,0
69.81262227684964,1,0,0,0,0,0
69.84597756699625,1,0,0,0,0,0
69.87933285714286,1,0,0,0,0,0
69.91268814728947,1,0,0,0,0,0
69.94604343743607,1,0,0,0,0,0
69.97939872758268,1,0,0,0,0,0
70.01275401772929,1,0,0,0,0,0
70.0461093078759,1,0,0,0,0,0
70.0794645980225,1,0,0,0,0,0
70.11281988816911,1,0,0,0,0,0
70.14617517831572,1,0,0,0,0,0
70.17953046846233,1,0,0,0,0,0
70.21288575860893,1,0,0,0,0,0
70.24624104875554,1,0,0,0,0,0
70.27959633890215,1,0,0,0,0,0
70.31295162904875,1,0,0,0,0,0
70.34630691919537,1,0,0,0,0,0
70.37966220934197,1,0,0,0,0,0
70.41301749948857,1,0,0,0,0,0
70.44637278963519,1,0,0,0,0,0
70.4797280797818,1,0,0,0,0,0
70.5130833699284,1,0,0,0,0,0
70.54643866007501,1,0,0,0,0,0
70.57979395022161,1,0,0,0,0,0
70.61314924036823,1,0,0,0,0,0
70.64650453051483,1,0,0,0,0,0
70.67985982066143,1,0,0,0,0,0
70.71321511080805,1,0,0,0,0,0
70.74657040095465,1,0,0,0,0,0
70.77992569110127,1,0,0,0,0,0
70.81328098124787,1,0,0,0,0,0
70.84663627139447,1,0,0,0,0,0
70.87999156154109,1,0,0,0,0,0
70.91334685168769,1,0,0,0,0,0
70.9467021418343,1,0,0,0,0,0
70.98005743198091,1,0,0,0,0,0
71.01341272212751,1,0,0,0,0,0
71.04676801227413,1,0,0,0,0,0
71.08012330242073,1,0,0,0,0,0
71.11347859256733,1,0,0,0,0,0
71.14683388271395,1,0,0,0,0,0
71.18018917286055,1,0,0,0,0,0
71.21354446300717,1,0,0,0,0,0
71.24689975315377,1,0,0,0,0,0
71.28025504330037,1,0,0,0,0,0
71.31361033344699,1,0,0,0,0,0
71.34696562359359,1,0,0,0,0,0
71.38032091374019,1,0,0,0,0,0
71.41367620388681,1,0,0,0,0,0
71.44703149403341,1,0,0,0,0,0
71.48038678418003,1,0,0,0,0,0
71.51374207432663,1,0,0,0,0,0
71.54709736447323,1,0,0,0,0,0
71.58045265461985,1,0,0,0,0,0
71.61380794476645,1,0,0,0,0,0
71.64716323491307,1,0,0,0,0,0
71.68051852505967,1,0,0,0,0,0
71.71387381520627,1,0,0,0,0,0
71.74722910535289,1,0,0,0,0,0
71.78058439549949,1,0,0,0,0,0
71.81393968564609,1,0,0,0,0,0
71.8472949757927,1,0,0,0,0,0
71.88065026593931,1,0,0,0,0,0
71.91400555608593,1,0,0,0,0,0
71.94736084623253,1,0,0,0,0,0
71.98071613637913,1,0,0,0,0,0
72.01407142652575,1,0,0,0,0,0
72.04742671667235,1,0,0,0,0,0
72.08078200681896,1,0,0,0,0,0
72.11413729696557,1,0,0,0,0,0
72.14749258711217,1,0,0,0,0,0
72.18084787725878,1,0,0,0,0,0
72.21420316740539,1,0,0,0,0,0
72.24755845755199,1,0,0,0,0,0
72.2809137476986,1,0,0,0,0,0
72.31426903784521,1,0,0,0,0,0
72.34762432799182,1,0,0,0,0,0
72.38097961813843,1,0,0,0,0,0
72.41433490828503,1,0,0,0,0,0
72.44769019843164,1,0,0,0,0,0
72.48104548857825,1,0,0,0,0,0
72.51440077872486,1,0,0,0,0,0
72.54775606887146,1,0,0,0,0,0
72.58111135901807,1,0,0,0,0,0
72.61446664916468,1,0,0,0,0,0
72.64782193931129,1,0,0,0,0,0
72.68117722945789,1,0,0,0,0,0
72.7145325196045,1,0,0,0,0,0
72.7478878097511,1,0,0,0,0,0
72.78124309989772,1,0,0,0,0,0
72.81459839004432,1,0,0,0,0,0
72.84795368019093,1,0,0,0,0,0
72.88130897033754,1,0,0,0,0,0
72.91466426048414,1,0,0,0,0,0
72.94801955063076,1,0,0,0,0,0
72.98137484077736,1,0,0,0,0,0
73.01473013092397,1,0,0,0,0,0
73.04808542107058,1,0,0,0,0,0
73.08144071121718,1,0,0,0,0,0
73.11479600136379,1,0,0,0,0,0
73.1481512915104,1,0,0,0,0,0
73.181506581657,1,0,0,0,0,0
73.21486187180362,1,0,0,0,0,0
73.24821716195022,1,0,0,0,0,0
73.28157245209682,1,0,0,0,0,0
73.31492774224344,1,0,0,0,0,0
73.34828303239004,1,0,0,0,0,0
73.38163832253666,1,0,0,0,0,0
73.41499361268326,1,0,0,0,0,0
73.44834890282986,1,0,0,0,0,0
73.48170419297648,1,0,0,0,0,0
73.51505948312308,1,0,0,0,0,0
73.5484147732697,1,0,0,0,0,0
73.5817700634163,1,0,0,0,0,0
73.6151253535629,1,0,0,0,0,0
73.64848064370952,1,0,0,0,0,0
73.68183593385612,1,0,0,0,0,0
73.71519122400272,1,0,0,0,0,0
73.74854651414934,1,0,0,0,0,0
73.78190180429594,1,0,0,0,0,0
73.81525709444256,1,0,0,0,0,0
73.84861238458916,1,0,0,0,0,0
73.88196767473576,1,0,0,0,0,0
73.91532296488238,1,0,0,0,0,0
73.94867825502898,1,0,0,0,0,0
73.9820335451756,1,0,0,0,0,0
74.0153888353222,1,0,0,0,0,0
74.0487441254688,1,0,0,0,0,0
74.08209941561542,1,0,0,0,0,0
74.11545470576202,1,0,0,0,0,0
74.14880999590862,1,0,0,0,0,0
74.18216528605524,1,0,0,0,0,0
74.21552057620184,1,0,0,0,0,0
74.24887586634846,1,0,0,0,0,0
74.28223115649506,1,0,0,0,0,0
74.31558644664166,1,0,0,0,0,0
74.34894173678828,1,0,0,0,0,0
74.38229702693488,1,0,0,0,0,0
74.4156523170815,1,0,0,0,0,0
74.4490076072281,1,0,0,0,0,0
74.4823628973747,1,0,0,0,0,0
74.51571818752132,1,0,0,0,0,0
74.54907347766792,1,0,0,0,0,0
74.58242876781452,1,0,0,0,0,0
74.61578405796114,1,0,0,0,0,0
74.64913934810774,1,0,0,0,0,0
74.68249463825435,1,0,0,0,0,0
74.71584992840096,1,0,0,0,0,0
74.74920521854756,1,0,0,0,0,0
74.78256050869417,1,0,0,0,0,0
74.81591579884078,1,0,0,0,0,0
74.8492710889874,1,0,0,0,0,0
74.882626379134,1,0,0,0,0,0
74.9159816692806,1,0,0,0,0,0
74.94933695942721,1,0,0,0,0,0
74.98269224957382,1,0,0,0,0,0
75.01604753972042,1,0,0,0,0,0
75.04940282986703,1,0,0,0,0,0
75.08275812001364,1,0,0,0,0,0
75.11611341016025,1,0,0,0,0,0
75.14946870030685,1,0,0,0,0,0
75.18282399045346,1,0,0,0,0,0
75.21617928060007,1,0,0,0,0,0
75.24953457074668,1,0,0,0,0,0
75.28288986089329,1,0,0,0,0,0
75.3162451510399,1,0,0,0,0,0
75.3496004411865,1,0,0,0,0,0
75.38295573133311,1,0,0,0,0,0
75.41631102147971,1,0,0,0,0,0
75.44966631162632,1,0,0,0,0,0
75.48302160177293,1,0,0,0,0,0
75.51637689191953,1,0,0,0,0,0
75.54973218206615,1,0,0,0,0,0
75.58308747221275,1,0,0,0,0,0
75.61644276235936,1,0,0,0,0,0
75.64979805250597,1,0,0,0,0,0
75.68315334265257,1,0,0,0,0,0
75.71650863279919,1,0,0,0,0,0
75.74986392294579,1,0,0,0,0,0
75.7832192130924,1,0,0,0,0,0
75.81657450323901,1,0,0,0,0,0
75.84992979338561,1,0,0,0,0,0
75.88328508353221,1,0,0,0,0,0
75.91664037367883,1,0,0,0,0,0
75.94999566382543,1,0,0,0,0,0
75.98335095397205,1,0,0,0,0,0
76.01670624411865,1,0,0,0,0,0
76.05006153426525,1,0,0,0,0,0
76.08341682441187,1,0,0,0,0,0
76.11677211455847,1,0,0,0,0,0
76.15012740470509,1,0,0,0,0,0
76.18348269485169,1,0,0,0,0,0
76.21683798499829,1,0,0,0,0,0
76.25019327514491,1,0,0,0,0,0
76.28354856529151,1,0,0,0,0,0
76.31690385543811,1,0,0,0,0,0
76.35025914558473,1,0,0,0,0,0
76.38361443573133,1,0,0,0,0,0
76.41696972587795,1,0,0,0,0,0
76.45032501602455,1,0,0,0,0,0
76.48368030617115,1,0,0,0,0,0
76.51703559631777,1,0,0,0,0,0
76.55039088646437,1,0,0,0,0,0
76.58374617661099,1,0,0,0,0,0
76.61710146675759,1,0,0,0,0,0
76.65045675690419,1,0,0,0,0,0
76.68381204705081,1,0,0,0,0,0
76.71716733719741,1,0,0,0,0,0
76.75052262734401,1,0,0,0,0,0
76.78387791749063,1,0,0,0,0,0
76.81723320763723,1,0,0,0,0,0
76.85058849778385,1,0,0,0,0,0
76.88394378793045,1,0,0,0,0,0
76.91729907807705,1,0,0,0,0,0
76.95065436822367,1,0,0,0,0,0
76.98400965837027,1,0,0,0,0,0
77.01736494851689,1,0,0,0,0,0
77.05072023866349,1,0,0,0,0,0
77.08407552881009,1,0,0,0,0,0
77.1174308189567,1,0,0,0,0,0
77.15078610910331,1,0,0,0,0,0
77.18414139924991,1,0,0,0,0,0
77.21749668939653,1,0,0,0,0,0
77.25085197954313,1,0,0,0,0,0
77.28420726968974,1,0,0,0,0,0
77.31756255983635,1,0,0,0,0,0
77.35091784998295,1,0,0,0,0,0
77.38427314012957,1,0,0,0,0,0
77.41762843027617,1,0,0,0,0,0
77.45098372042278,1,0,0,0,0,0
77.48433901056939,1,0,0,0,0,0
77.51769430071599,1,0,0,0,0,0
77.5510495908626,1,0,0,0,0,0
77.5844048810092,1,0,0,0,0,0
77.61776017115581,1,0,0,0,0,0
77.65111546130242,1,0,0,0,0,0
77.68447075144903,1,0,0,0,0,0
77.71782604159564,1,0,0,0,0,0
77.75118133174225,1,0,0,0,0,0
77.78453662188885,1,0,0,0,0,0
77.81789191203546,1,0,0,0,0,0
77.85124720218207,1,0,0,0,0,0
77.88460249232868,1,0,0,0,0,0
77.91795778247528,1,0,0,0,0,0
77.95131307262189,1,0,0,0,0,0
77.9846683627685,1,0,0,0,0,0
78.0180236529151,1,0,0,0,0,0
78.0513789430617,1,0,0,0,0,0
78.08473423320832,1,0,0,0,0,0
78.11808952335493,1,0,0,0,0,0
78.15144481350154,1,0,0,0,0,0
78.18480010364814,1,0,0,0,0,0
78.21815539379475,1,0,0,0,0,0
78.25151068394136,1,0,0,0,0,0
78.28486597408796,1,0,0,0,0,0
78.31822126423458,1,0,0,0,0,0
78.35157655438118,1,0,0,0,0,0
78.38493184452778,1,0,0,0,0,0
78.4182871346744,1,0,0,0,0,0
78.451642424821,1,0,0,0,0,0
78.4849977149676,1,0,0,0,0,0
78.51835300511422,1,0,0,0,0,0
78.55170829526082,1,0,0,0,0,0
78.58506358540744,1,0,0,0,0,0
78.61841887555404,1,0,0,0,0,0
78.65177416570064,1,0,0,0,0,0
78.68512945584726,1,0,0,0,0,0
78.71848474599386,1,0,0,0,0,0
78.75184003614048,1,0,0,0,0,0
78.78519532628708,1,0,0,0,0,0
78.81855061643368,1,0,0,0,0,0
78.8519059065803,1,0,0,0,0,0
78.8852611967269,1,0,0,0,0,0
78.9186164868735,1,0,0,0,0,0
78.95197177702012,1,0,0,0,0,0
78.98532706716672,1,0,0,0,0,0
79.01868235731334,1,0,0,0,0,0
79.05203764745994,1,0,0,0,0,0
79.08539293760654,1,0,0,0,0,0
79.11874822775316,1,0,0,0,0,0
79.15210351789976,1,0,0,0,0,0
79.18545880804638,1,0,0,0,0,0
79.21881409819298,1,0,0,0,0,0
79.25216938833958,1,0,0,0,0,0
79.2855246784862,1,0,0,0,0,0
79.3188799686328,1,0,0,0,0,0
79.3522352587794,1,0,0,0,0,0
79.38559054892602,1,0,0,0,0,0
79.41894583907262,1,0,0,0,0,0
79.45230112921924,1,0,0,0,0,0
79.48565641936584,1,0,0,0,0,0
79.51901170951244,1,0,0,0,0,0
79.55236699965906,1,0,0,0,0,0
79.58572228980566,1,0,0,0,0,0
79.61907757995228,1,0,0,0,0,0
79.65243287009888,1,0,0,0,0,0
79.68578816024548,1,0,0,0,0,0
79.7191434503921,1,0,0,0,0,0
79.7524987405387,1,0,0,0,0,0
79.7858540306853,1,0,0,0,0,0
79.81920932083192,1,0,0,0,0,0
79.85256461097852,1,0,0,0,0,0
79.88591990112513,1,0,0,0,0,0
79.91927519127174,1,0,0,0,0,0
79.95263048141834,1,0,0,0,0,0
79.98598577156496,1,0,0,0,0,0
80.01934106171156,1,0,0,0,0,0
80.05269635185817,1,0,0,0,0,0
80.08605164200478,1,0,0,0,0,0
80.11940693215138,1,0,0,0,0,0
80.152762222298,1,0,0,0,0,0
80.1861175124446,1,0,0,0,0,0
80.2194728025912,1,0,0,0,0,0
80.25282809273781,1,0,0,0,0,0
80.28618338288442,1,0,0,0,0,0
80.31953867303103,1,0,0,0,0,0
80.35289396317764,1,0,0,0,0,0
80.38624925332424,1,0,0,0,0,0
80.41960454347085,1,0,0,0,0,0
80.45295983361746,1,0,0,0,0,0
80.48631512376407,1,0,0,0,0,0
80.51967041391067,1,0,0,0,0,0
80.55302570405728,1,0,0,0,0,0
80.58638099420389,1,0,0,0,0,0
80.6197362843505,1,0,0,0,0,0
80.6530915744971,1,0,0,0,0,0
80.68644686464371,1,0,0,0,0,0
80.71980215479032,1,0,0,0,0,0
80.75315744493693,1,0,0,0,0,0
80.78651273508353,1,0,0,0,0,0
80.81986802523014,1,0,0,0,0,0
80.85322331537675,1,0,0,0,0,0
80.88657860552335,1,0,0,0,0,0
80.91993389566997,1,0,0,0,0,0
80.95328918581657,1,0,0,0,0,0
80.98664447596317,1,0,0,0,0,0
81.01999976610979,1,0,0,0,0,0
81.0533550562564,1,0,0,0,0,0
81.086710346403,1,0,0,0,0,0
81.12006563654961,1,0,0,0,0,0
81.15342092669621,1,0,0,0,0,0
81.18677621684283,1,0,0,0,0,0
81.22013150698943,1,0,0,0,0,0
81.25348679713603,1,0,0,0,0,0
81.28684208728265,1,0,0,0,0,0
81.32019737742925,1,0,0,0,0,0
81.35355266757587,1,0,0,0,0,0
81.38690795772247,1,0,0,0,0,0
81.42026324786907,1,0,0,0,0,0
81.45361853801569,1,0,0,0,0,0
81.48697382816229,1,0,0,0,0,0
81.5203291183089,1,0,0,0,0,0
81.55368440845551,1,0,0,0,0,0
81.58703969860211,1,0,0,0,0,0
81.62039498874873,1,0,0,0,0,0
81.65375027889533,1,0,0,0,0,0
81.68710556904193,1,0,0,0,0,0
81.72046085918855,1,0,0,0,0,0
81.75381614933515,1,0,0,0,0,0
81.78717143948177,1,0,0,0,0,0
81.82052672962837,1,0,0,0,0,0
81.85388201977497,1,0,0,0,0,0
81.88723730992159,1,0,0,0,0,0
81.92059260006819,1,0,0,0,0,0
81.95394789021479,1,0,0,0,0,0
81.98730318036141,1,0,0,0,0,0
82.02065847050801,1,0,0,0,0,0
82.05401376065463,1,0,0,0,0,0
82.08736905080123,1,0,0,0,0,0
82.12072434094783,1,0,0,0,0,0
82.15407963109445,1,0,0,0,0,0
82.18743492124105,1,0,0,0,0,0
82.22079021138767,1,0,0,0,0,0
82.25414550153427,1,0,0,0,0,0
82.28750079168087,1,0,0,0,0,0
82.32085608182749,1,0,0,0,0,0
82.35421137197409,1,0,0,0,0,0
82.38756666212069,1,0,0,0,0,0
82.4209219522673,1,0,0,0,0,0
82.45427724241391,1,0,0,0,0,0
82.48763253256053,1,0,0,0,0,0
82.52098782270713,1,0,0,0,0,0
82.55434311285373,1,0,0,0,0,0
82.58769840300035,1,0,0,0,0,0
82.62105369314695,1,0,0,0,0,0
82.65440898329356,1,0,0,0,0,0
82.68776427344017,1,0,0,0,0,0
82.72111956358677,1,0,0,0,0,0
82.75447485373338,1,0,0,0,0,0
82.78783014387999,1,0,0,0,0,0
82.82118543402659,1,0,0,0,0,0
82.8545407241732,1,0,0,0,0,0
82.88789601431981,1,0,0,0,0,0
82.92125130446642,1,0,0,0,0,0
82.95460659461303,1,0,0,0,0,0
82.98796188475963,1,0,0,0,0,0
83.02131717490624,1,0,0,0,0,0
83.05467246505285,1,0,0,0,0,0
83.08802775519946,1,0,0,0,0,0
83.12138304534606,1,0,0,0,0,0
83.15473833549267,1,0,0,0,0,0
83.18809362563928,1,0,0,0,0,0
83.22144891578588,1,0,0,0,0,0
83.25480420593249,1,0,0,0,0,0
83.2881594960791,1,0,0,0,0,0
83.3215147862257,1,0,0,0,0,0
83.35487007637232,1,0,0,0,0,0
83.38822536651892,1,0,0,0,0,0
83.42158065666553,1,0,0,0,0,0
83.45493594681214,1,0,0,0,0,0
83.48829123695874,1,0,0,0,0,0
83.52164652710536,1,0,0,0,0,0
83.55500181725196,1,0,0,0,0,0
83.58835710739856,1,0,0,0,0,0
83.62171239754518,1,0,0,0,0,0
83.65506768769178,1,0,0,0,0,0
83.68842297783839,1,0,0,0,0,0
83.721778267985,1,0,0,0,0,0
83.7551335581316,1,0,0,0,0,0
83.78848884827822,1,0,0,0,0,0
83.82184413842482,1,0,0,0,0,0
83.85519942857142,1,0,0,0,0,0
83.88855471871804,1,0,0,0,0,0
83.92191000886464,1,0,0,0,0,0
83.95526529901126,1,0,0,0,0,0
83.98862058915786,1,0,0,0,0,0
84.02197587930446,1,0,0,0,0,0
84.05533116945108,1,0,0,0,0,0
84.08868645959768,1,0,0,0,0,0
84.12204174974428,1,0,0,0,0,0
84.1553970398909,1,0,0,0,0,0
84.1887523300375,1,0,0,0,0,0
84.22210762018412,1,0,0,0,0,0
84.25546291033072,1,0,0,0,0,0
84.28881820047732,1,0,0,0,0,0
84.32217349062394,1,0,0,0,0,0
84.35552878077054,1,0,0,0,0,0
84.38888407091716,1,0,0,0,0,0
84.42223936106376,1,0,0,0,0,0
84.45559465121036,1,0,0,0,0,0
84.48894994135698,1,0,0,0,0,0
84.52230523150358,1,0,0,0,0,0
84.55566052165018,1,0,0,0,0,0
84.5890158117968,1,0,0,0,0,0
84.6223711019434,1,0,0,0,0,0
84.65572639209002,1,0,0,0,0,0
84.68908168223662,1,0,0,0,0,0
84.72243697238322,1,0,0,0,0,0
84.75579226252984,1,0,0,0,0,0
84.78914755267644,1,0,0,0,0,0
84.82250284282306,1,0,0,0,0,0
84.85585813296966,1,0,0,0,0,0
84.88921342311626,1,0,0,0,0,0
84.92256871326288,1,0,0,0,0,0
84.95592400340948,1,0,0,0,0,0
84.98927929355608,1,0,0,0,0,0
85.0226345837027,1,0,0,0,0,0
85.0559898738493,1,0,0,0,0,0
85.08934516399592,1,0,0,0,0,0
85.12270045414252,1,0,0,0,0,0
85.15605574428912,1,0,0,0,0,0
85.18941103443574,1,0,0,0,0,0
85.22276632458234,1,0,0,0,0,0
85.25612161472895,1,0,0,0,0,0
85.28947690487556,1,0,0,0,0,0
85.32283219502216,1,0,0,0,0,0
85.35618748516877,1,0,0,0,0,0
85.38954277531538,1,0,0,0,0,0
85.42289806546198,1,0,0,0,0,0
85.4562533556086,1,0,0,0,0,0
85.4896086457552,1,0,0,0,0,0
85.52296393590181,1,0,0,0,0,0
85.55631922604842,1,0,0,0,0,0
85.58967451619502,1,0,0,0,0,0
85.62302980634163,1,0,0,0,0,0
85.65638509648824,1,0,0,0,0,0
85.68974038663485,1,0,0,0,0,0
85.72309567678145,1,0,0,0,0,0
85.75645096692806,1,0,0,0,0,0
85.78980625707467,1,0,0,0,0,0
85.82316154722128,1,0,0,0,0,0
85.85651683736788,1,0,0,0,0,0
85.8898721275145,1,0,0,0,0,0
85.9232274176611,1,0,0,0,0,0
85.95658270780771,1,0,0,0,0,0
85.98993799795431,1,0,0,0,0,0
86.02329328810092,1,0,0,0,0,0
86.05664857824753,1,0,0,0,0,0
86.09000386839413,1,0,0,0,0,0
86.12335915854075,1,0,0,0,0,0
86.15671444868735,1,0,0,0,0,0
86.19006973883396,1,0,0,0,0,0
86.22342502898057,1,0,0,0,0,0
86.25678031912717,1,0,0,0,0,0
86.29013560927378,1,0,0,0,0,0
86.32349089942039,1,0,0,0,0,0
86.356846189567,1,0,0,0,0,0
86.39020147971361,1,0,0,0,0,0
86.42355676986021,1,0,0,0,0,0
86.45691206000681,1,0,0,0,0,0
86.49026735015343,1,0,0,0,0,0
86.52362264030003,1,0,0,0,0,0
86.55697793044665,1,0,0,0,0,0
86.59033322059325,1,0,0,0,0,0
86.62368851073985,1,0,0,0,0,0
86.65704380088647,1,0,0,0,0,0
86.69039909103307,1,0,0,0,0,0
86.72375438117967,1,0,0,0,0,0
86.75710967132629,1,0,0,0,0,0
86.79046496147289,1,0,0,0,0,0
86.82382025161951,1,0,0,0,0,0
86.85717554176611,1,0,0,0,0,0
86.89053083191271,1,0,0,0,0,0
86.92388612205933,1,0,0,0,0,0
86.95724141220593,1,0,0,0,0,0
86.99059670235255,1,0,0,0,0,0
87.02395199249915,1,0,0,0,0,0
87.05730728264575,1,0,0,0,0,0
87.09066257279237,1,0,0,0,0,0
87.12401786293897,1,0,0,0,0,0
87.15737315308559,1,0,0,0,0,0
87.19072844323219,1,0,0,0,0,0
87.22408373337879,1,0,0,0,0,0
87.25743902352541,1,0,0,0,0,0
87.29079431367201,1,0,0,0,0,0
87.32414960381861,1,0,0,0,0,0
87.35750489396523,1,0,0,0,0,0
87.39086018411183,1,0,0,0,0,0
87.42421547425845,1,0,0,0,0,0
87.45757076440505,1,0,0,0,0,0
87.49092605455165,1,0,0,0,0,0
87.52428134469827,1,0,0,0,0,0
87.55763663484487,1,0,0,0,0,0
87.59099192499149,1,0,0,0,0,0
87.62434721513809,1,0,0,0,0,0
87.65770250528469,1,0,0,0,0,0
87.6910577954313,1,0,0,0,0,0
87.72441308557791,1,0,0,0,0,0
87.75776837572451,1,0,0,0,0,0
87.79112366587113,1,0,0,0,0,0
87.82447895601773,1,0,0,0,0,0
87.85783424616434,1,0,0,0,0,0
87.89118953631095,1,0,0,0,0,0
87.92454482645755,1,0,0,0,0,0
87.95790011660416,1,0,0,0,0,0
87.99125540675077,1,0,0,0,0,0
88.02461069689738,1,0,0,0,0,0
88.05796598704399,1,0,0,0,0,0
88.09132127719059,1,0,0,0,0,0
88.1246765673372,1,0,0,0,0,0
88.1580318574838,1,0,0,0,0,0
88.19138714763041,1,0,0,0,0,0
88.22474243777702,1,0,0,0,0,0
88.25809772792363,1,0,0,0,0,0
88.29145301807024,1,0,0,0,0,0
88.32480830821684,1,0,0,0,0,0
88.35816359836345,1,0,0,0,0,0
88.39151888851006,1,0,0,0,0,0
88.42487417865667,1,0,0,0,0,0
88.45822946880328,1,0,0,0,0,0
88.49158475894988,1,0,0,0,0,0
88.52494004909649,1,0,0,0,0,0
88.5582953392431,1,0,0,0,0,0
88.5916506293897,1,0,0,0,0,0
88.6250059195363,1,0,0,0,0,0
88.65836120968292,1,0,0,0,0,0
88.69171649982952,1,0,0,0,0,0
88.72507178997614,1,0,0,0,0,0
88.75842708012274,1,0,0,0,0,0
88.79178237026935,1,0,0,0,0,0
88.82513766041596,1,0,0,0,0,0
88.85849295056256,1,0,0,0,0,0
88.89184824070918,1,0,0,0,0,0
88.92520353085578,1,0,0,0,0,0
88.95855882100238,1,0,0,0,0,0
88.991914111149,1,0,0,0,0,0
89.0252694012956,1,0,0,0,0,0
89.0586246914422,1,0,0,0,0,0
89.09197998158882,1,0,0,0,0,0
89.12533527173542,1,0,0,0,0,0
89.15869056188204,1,0,0,0,0,0
89.19204585202864,1,0,0,0,0,0
89.22540114217524,1,0,0,0,0,0
89.25875643232186,1,0,0,0,0,0
89.29211172246846,1,0,0,0,0,0
89.32546701261508,1,0,0,0,0,0
89.35882230276168,1,0,0,0,0,0
89.39217759290828,1,0,0,0,0,0
89.4255328830549,1,0,0,0,0,0
89.4588881732015,1,0,0,0,0,0
89.4922434633481,1,0,0,0,0,0
89.52559875349472,1,0,0,0,0,0
89.55895404364132,1,0,0,0,0,0
89.59230933378794,1,0,0,0,0,0
89.62566462393454,1,0,0,0,0,0
89.65901991408114,1,0,0,0,0,0
89.69237520422776,1,0,0,0,0,0
89.72573049437436,1,0,0,0,0,0
89.75908578452098,1,0,0,0,0,0
89.79244107466758,1,0,0,0,0,0
89.82579636481418,1,0,0,0,0,0
89.8591516549608,1,0,0,0,0,0
89.8925069451074,1,0,0,0,0,0
89.925862235254,1,0,0,0,0,0
89.95921752540062,1,0,0,0,0,0
89.99257281554722,1,0,0,0,0,0
90.02592810569384,1,0,0,0,0,0
90.05928339584044,1,0,0,0,0,0
90.09263868598704,1,0,0,0,0,0
90.12599397613366,1,0,0,0,0,0
90.15934926628026,1,0,0,0,0,0
90.19270455642688,1,0,0,0,0,0
90.22605984657348,1,0,0,0,0,0
90.25941513672008,1,0,0,0,0,0
90.2927704268667,1,0,0,0,0,0
90.3261257170133,1,0,0,0,0,0
90.3594810071599,1,0,0,0,0,0
90.39283629730652,1,0,0,0,0,0
90.42619158745312,1,0,0,0,0,0
90.45954687759973,1,0,0,0,0,0
90.49290216774634,1,0,0,0,0,0
90.52625745789294,1,0,0,0,0,0
90.55961274803956,1,0,0,0,0,0
90.59296803818616,1,0,0,0,0,0
90.62632332833277,1,0,0,0,0,0
90.65967861847938,1,0,0,0,0,0
90.69303390862598,1,0,0,0,0,0
90.7263891987726,1,0,0,0,0,0
90.7597444889192,1,0,0,0,0,0
90.7930997790658,1,0,0,0,0,0
90.82645506921241,1,0,0,0,0,0
90.85981035935902,1,0,0,0,0,0
90.89316564950563,1,0,0,0,0,0
90.92652093965224,1,0,0,0,0,0
90.95987622979884,1,0,0,0,0,0
90.99323151994545,1,0,0,0,0,0
91.02658681009206,1,0,0,0,0,0
91.05994210023867,1,0,0,0,0,0
91.09329739038527,1,0,0,0,0,0
91.12665268053188,1,0,0,0,0,0
91.16000797067849,1,0,0,0,0,0
91.1933632608251,1,0,0,0,0,0
91.2267185509717,1,0,0,0,0,0
91.26007384111831,1,0,0,0,0,0
91.29342913126492,1,0,0,0,0,0
91.32678442141153,1,0,0,0,0,0
91.36013971155813,1,0,0,0,0,0
91.39349500170474,1,0,0,0,0,0
91.42685029185135,1,0,0,0,0,0
91.46020558199795,1,0,0,0,0,0
91.49356087214457,1,0,0,0,0,0
91.52691616229117,1,0,0,0,0,0
91.56027145243777,1,0,0,0,0,0
91.59362674258439,1,0,0,0,0,0
91.626982032731,1,0,0,0,0,0
91.6603373228776,1,0,0,0,0,0
91.69369261302421,1,0,0,0,0,0
91.72704790317081,1,0,0,0,0,0
91.76040319331743,1,0,0,0,0,0
91.79375848346403,1,0,0,0,0,0
91.82711377361063,1,0,0,0,0,0
91.86046906375725,1,0,0,0,0,0
91.89382435390385,1,0,0,0,0,0
91.92717964405047,1,0,0,0,0,0
91.96053493419707,1,0,0,0,0,0
91.99389022434367,1,0,0,0,0,0
92.02724551449029,1,0,0,0,0,0
92.06060080463689,1,0,0,0,0,0
92.0939560947835,1,0,0,0,0,0
92.12731138493011,1,0,0,0,0,0
92.16066667507671,1,0,0,0,0,0
92.19402196522333,1,0,0,0,0,0
92.22737725536993,1,0,0,0,0,0
92.26073254551653,1,0,0,0,0,0
92.29408783566315,1,0,0,0,0,0
92.32744312580975,1,0,0,0,0,0
92.36079841595637,1,0,0,0,0,0
92.39415370610297,1,0,0,0,0,0
92.42750899624957,1,0,0,0,0,0
92.46086428639619,1,0,0,0,0,0
92.49421957654279,1,0,0,0,0,0
92.52757486668939,1,0,0,0,0,0
92.56093015683601,1,0,0,0,0,0
92.59428544698261,1,0,0,0,0,0
92.62764073712923,1,0,0,0,0,0
92.66099602727583,1,0,0,0,0,0
92.69435131742243,1,0,0,0,0,0
92.72770660756905,1,0,0,0,0,0
92.76106189771565,1,0,0,0,0,0
92.79441718786227,1,0,0,0,0,0
92.82777247800887,1,0,0,0,0,0
92.86112776815547,1,0,0,0,0,0
92.89448305830209,1,0,0,0,0,0
92.92783834844869,1,0,0,0,0,0
92.96119363859529,1,0,0,0,0,0
92.9945489287419,1,0,0,0,0,0
93.02790421888851,1,0,0,0,0,0
93.06125950903512,1,0,0,0,0,0
93.09461479918173,1,0,0,0,0,0
93.12797008932833,1,0,0,0,0,0
93.16132537947495,1,0,0,0,0,0
93.19468066962155,1,0,0,0,0,0
93.22803595976816,1,0,0,0,0,0
93.26139124991477,1,0,0,0,0,0
93.29474654006137,1,0,0,0,0,0
93.32810183020798,1,0,0,0,0,0
93.36145712035459,1,0,0,0,0,0
93.39481241050119,1,0,0,0,0,0
93.4281677006478,1,0,0,0,0,0
93.4615229907944,1,0,0,0,0,0
93.49487828094102,1,0,0,0,0,0
93.52823357108763,1,0,0,0,0,0
93.56158886123423,1,0,0,0,0,0
93.59494415138084,1,0,0,0,0,0
93.62829944152745,1,0,0,0,0,0
93.66165473167406,1,0,0,0,0,0
93.69501002182066,1,0,0,0,0,0
93.72836531196727,1,0,0,0,0,0
93.76172060211388,1,0,0,0,0,0
93.79507589226048,1,0,0,0,0,0
93.82843118240709,1,0,0,0,0,0
93.8617864725537,1,0,0,0,0,0
93.8951417627003,1,0,0,0,0,0
93.92849705284692,1,0,0,0,0,0
93.96185234299352,1,0,0,0,0,0
93.99520763314013,1,0,0,0,0,0
94.02856292328674,1,0,0,0,0,0
94.06191821343334,1,0,0,0,0,0
94.09527350357996,1,0,0,0,0,0
94.12862879372656,1,0,0,0,0,0
94.16198408387316,1,0,0,0,0,0
94.19533937401978,1,0,0,0,0,0
94.22869466416638,1,0,0,0,0,0
94.26204995431299,1,0,0,0,0,0
94.2954052444596,1,0,0,0,0,0
94.3287605346062,1,0,0,0,0,0
94.36211582475282,1,0,0,0,0,0
94.39547111489942,1,0,0,0,0,0
94.42882640504602,1,0,0,0,0,0
94.46218169519264,1,0,0,0,0,0
94.49553698533924,1,0,0,0,0,0
94.52889227548586,1,0,0,0,0,0
94.56224756563246,1,0,0,0,0,0
94.59560285577906,1,0,0,0,0,0
94.62895814592568,1,0,0,0,0,0
94.66231343607228,1,0,0,0,0,0
94.69566872621888,1,0,0,0,0,0
94.7290240163655,1,0,0,0,0,0
94.7623793065121,1,0,0,0,0,0
94.79573459665872,1,0,0,0,0,0
94.82908988680532,1,0,0,0,0,0
94.86244517695192,1,0,0,0,0,0
94.89580046709854,1,0,0,0,0,0
94.92915575724514,1,0,0,0,0,0
94.96251104739176,1,0,0,0,0,0
94.99586633753836,1,0,0,0,0,0
95.02922162768496,1,0,1,0,0,0
95.06257691783158,1,0,1,0,0,0
95.09593220797818,1,0,1,0,0,0
95.12928749812478,1,0,1,0,0,0
95.1626427882714,1,0,1,0,0,0
95.195998078418,1,0,1,0,0,0
95.22935336856462,1,0,1,0,0,0
95.26270865871122,1,0,1,0,0,0
95.29606394885782,1,0,1,0,0,0
95.32941923900444,1,0,1,0,0,0
95.36277452915104,1,0,1,0,0,0
95.39612981929766,1,0,1,0,0,0
95.42948510944426,1,0,1,0,0,0
95.46284039959086,1,0,1,0,0,0
95.49619568973748,1,0,1,0,0,0
95.52955097988408,1,0,1,0,0,0
95.56290627003068,1,0,1,0,0,0
95.5962615601773,1,0,1,0,0,0
95.6296168503239,1,0,1,0,0,0
95.66297214047052,1,0,1,0,0,0
95.69632743061712,1,0,1,0,0,0
95.72968272076372,1,0,1,0,0,0
95.76303801091034,1,0,1,0,0,0
95.79639330105694,1,0,1,0,0,0
95.82974859120355,1,0,1,0,0,0
95.86310388135016,1,0,1,0,0,0
95.89645917149676,1,0,1,0,0,0
95.92981446164337,1,0,1,0,0,0
95.96316975178998,1,0,1,0,0,0
95.99652504193658,1,0,1,0,0,0
96.0298803320832,1,0,1,0,0,0
96.0632356222298,1,0,1,0,0,0
96.09659091237641,1,0,1,0,0,0
96.12994620252302,1,0,1,0,0,0
96.16330149266962,1,0,1,0,0,0
96.19665678281623,1,0,1,0,0,0
96.23001207296284,1,0,1,0,0,0
96.26336736310945,1,0,1,0,0,0
96.29672265325605,1,0,1,0,0,0
96.33007794340266,1,0,1,0,0,0
96.36343323354927,1,0,1,0,0,0
96.39678852369588,1,0,1,0,0,0
96.43014381384248,1,0,1,0,0,0
96.4634991039891,1,0,1,0,0,0
96.4968543941357,1,0,1,0,0,0
96.53020968428231,1,0,1,0,0,0
96.56356497442891,1,0,1,0,0,0
96.59692026457552,1,0,1,0,0,0
96.63027555472213,1,0,1,0,0,0
96.66363084486873,1,0,1,0,0,0
96.69698613501535,1,0,1,0,0,0
96.73034142516195,1,0,1,0,0,0
96.76369671530855,1,0,1,0,0,0
96.79705200545517,1,0,1,0,0,0
96.83040729560177,1,0,1,0,0,0
96.86376258574838,1,0,1,0,0,0
96.89711787589499,1,0,1,0,0,0
96.9304731660416,1,0,1,0,0,0
96.96382845618821,1,0,1,0,0,0
96.99718374633481,1,0,1,0,0,0
97.03053903648141,1,0,1,0,0,0
97.06389432662803,1,0,1,0,0,0
97.09724961677463,1,0,1,0,0,0
97.13060490692125,1,0,1,0,0,0
97.16396019706785,1,0,0,0,0,0
97.19731548721445,1,0,0,0,0,0
97.23067077736107,1,0,0,0,0,0
97.26402606750767,1,0,0,0,0,0
97.29738135765427,1,0,0,0,0,0
97.33073664780089,1,0,0,0,0,0
97.36409193794749,1,0,0,0,0,0
97.39744722809411,1,0,0,0,0,0
97.43080251824071,1,0,0,0,0,0
97.46415780838731,1,0,0,0,0,0
97.49751309853393,1,0,0,0,0,0
97.53086838868053,1,0,0,0,0,0
97.56422367882715,1,0,0,0,0,0
97.59757896897375,1,0,0,0,0,0
97.63093425912035,1,0,0,0,0,0
97.66428954926697,1,0,0,0,0,0
97.69764483941357,1,0,0,0,0,0
97.73100012956017,1,0,0,0,0,0
97.76435541970679,1,0,0,0,0,0
97.79771070985339,1,0,0,0,0,0
97.831066,1,0,0,0,0,0
